"species","accuracy","derivedFrom","mimicType","imageabletype","imageableid","created_at","updated_at","id","kingdom","phylum","class","order","family","genus","taxonRank","scientificName","scientificNameAuthorship","vernacularName","bodylength","Ant.mimic."
"Aetius nocturnus",0.691206753125113,"Dorsal,Lateral","mimic",NA,NA,NA,NA,NA,NA,NA,NA,NA,NA,NA,NA,NA,NA,NA,NA,"Yes"
"Alydid2 sp1",0.671546040635233,"Dorsal,Lateral","non-mimic","Specimen",446,"2017-03-24 05:02:44 UTC","2017-08-20 07:29:15 UTC",446,"Animalia","Arthropoda","Insecta","Hemiptera","Alydidae","Alydid2","Species","Alydid2 sp1","","",11.4,NA
"Alydid3 sp1",0.82092024952182,"Dorsal,Lateral","mimic","Specimen",444,"2017-03-24 05:50:24 UTC","2017-03-24 05:50:27 UTC",444,"Animalia","Arthropoda","Insecta","Hemiptera","Alydidae","Alydid3","Species","Alydid3 sp1","","",13.6,NA
"Amyciaea albomaculata",0.674016963918852,"Dorsal,Lateral","mimic","Specimen",398,"2017-02-02 12:28:49 UTC","2017-02-02 12:28:50 UTC",398,"Animalia","Arthropoda","Arachnida","Araneae","Thomisidae","Amyciaea","Species","Amyciaea albomaculata","(O.P.-Cambridge, 1874)","",4.86,NA
"Amyciaea sp1",0.774258410213784,"Dorsal","mimic","Specimen",554,"2017-04-19 02:02:20 UTC","2017-04-19 02:02:21 UTC",554,"Animalia","Arthropoda","Arachnida","Araneae","Thomisidae","Amyciaea","Species","Amyciaea sp1","","",3.975,NA
"Apricia jovialis",0.583783038313176,"Dorsal,Lateral","mimic","Specimen",426,"2017-02-10 03:38:36 UTC","2017-02-10 03:38:38 UTC",426,"Animalia","Arthropoda","Arachnida","Araneae","Salticidae","Apricia","Species","Apricia jovialis","(L. Koch, 1879)","Jovial jumper",6.2,NA
"Araneae10 sp1",0.710181254193217,"Dorsal","non-mimic","Specimen",270,"2017-01-06 03:44:55 UTC","2017-01-06 03:44:56 UTC",270,"Animalia","Arthropoda","Arachnida","Araneae","","Araneae10","Species","Araneae10 sp1","","",10,NA
"Araneae11 sp1",0.62517276641275,"Dorsal","non-mimic","Specimen",250,"2017-06-04 13:30:25 UTC","2017-06-04 13:30:37 UTC",250,"Animalia","Arthropoda","Arachnida","Araneae","","Araneae11","Species","Araneae11 sp1","","",3.2,NA
"Astia hariola",0.394382712284574,"Dorsal,Lateral","non-mimic","Specimen",560,"2017-04-15 01:05:30 UTC","2017-04-15 01:05:31 UTC",560,"Animalia","Arthropoda","Arachnida","Araneae","Salticidae","Astia","Species","Astia hariola","(Koch, 1879)","Gypsy Jumper",5.15,NA
"Battalus byrneae",0.329489497808045,"Dorsal","mimic",NA,NA,NA,NA,NA,NA,NA,NA,NA,NA,NA,NA,NA,NA,NA,NA,"Yes"
"Camponotus nigriceps",0.89367532769417,"Dorsal,Lateral","model","Specimen",267,"2017-01-06 03:44:53 UTC","2017-01-06 03:44:54 UTC",267,"Animalia","Arthropoda","Insecta","Hymenoptera","Formicidae","Camponotus","Species","Camponotus nigriceps","(Smith, 1858)","",15.3,NA
"Camponotus sp1",0.896008967689387,"Dorsal","model","Specimen",77,"2017-01-06 03:44:42 UTC","2017-01-06 03:44:44 UTC",77,"Animalia","Arthropoda","Insecta","Hymenoptera","Formicidae","Camponotus","Species","Camponotus sp1","","",7.6,NA
"Castianeira cingulata",0.816003928831154,"Dorsal","mimic",NA,NA,NA,NA,NA,NA,NA,NA,NA,NA,NA,NA,NA,NA,NA,NA,"Yes"
"Castianeira longipalpa",0.354193221375817,"Dorsal,Lateral","mimic",NA,NA,NA,NA,NA,NA,NA,NA,NA,NA,NA,NA,NA,NA,NA,NA,"Yes"
"Castianeira trilineata",0.499750467321474,"Dorsal,Lateral","mimic",NA,NA,NA,NA,NA,NA,NA,NA,NA,NA,NA,NA,NA,NA,NA,NA,"Yes"
"Cicadellid1 sp1",0.0526380372731562,"Dorsal","non-mimic","Specimen",14,"2017-08-21 12:51:13 UTC","2017-08-21 12:51:18 UTC",14,"Animalia","Arthropoda","Insecta","Hemiptera","Cicadellidae","Cicadellid1","Species","Cicadellid1 sp1","","",2.5,NA
"Cicadellid2 sp1",0.105012065315284,"Dorsal,Lateral","non-mimic","Specimen",506,"2017-04-11 01:17:46 UTC","2017-04-11 01:21:52 UTC",506,"Animalia","Arthropoda","Insecta","Hemiptera","Cicadellidae","Cicadellid2","Species","Cicadellid2 sp1","","",1.8,NA
"Coleoptera2 sp1",0.637662504702504,"Dorsal,Lateral","mimic","Specimen",381,"2017-01-06 03:45:03 UTC","2017-01-06 04:03:27 UTC",381,"Animalia","Arthropoda","Insecta","Coleoptera","","Coleoptera2","Species","Coleoptera2 sp1","","",5.925,NA
"Coleoptera3 sp1",0.562957368811903,"Dorsal,Lateral","mimic","Specimen",404,"2017-04-24 13:20:16 UTC","2017-04-24 13:20:17 UTC",404,"Animalia","Arthropoda","Insecta","Coleoptera","","Coleoptera3","Species","Coleoptera3 sp1","","",11,NA
"Colobathristid1 sp1",0.630929814395564,"Dorsal,Lateral","mimic","Specimen",884,"2017-08-17 14:28:48 UTC","2017-08-17 14:28:52 UTC",884,"Animalia","Arthropoda","Insecta","Hemiptera","Colobathristidae","Colobathristid1","Species","Colobathristid1 sp1","","",7,NA
"Copa kabana",0.565277818032411,"Dorsal","mimic",NA,NA,NA,NA,NA,NA,NA,NA,NA,NA,NA,NA,NA,NA,NA,NA,"Yes"
"Corinnid1 sp1",0.644404258065648,"Dorsal,Lateral","mimic","Specimen",469,"2017-08-17 12:09:14 UTC","2017-08-17 12:09:16 UTC",469,"Animalia","Arthropoda","Arachnida","Araneae","Corinnidae","Corinnid1","Species","Corinnid1 sp1","","",3.95,NA
"Corinnomma sp.",0.79544639093708,"Dorsal,Lateral","mimic",NA,NA,NA,NA,NA,NA,NA,NA,NA,NA,NA,NA,NA,NA,NA,NA,"Yes"
"Cosmophasis baehrae",0.498533462525177,"Dorsal,Lateral","non-mimic","Specimen",919,"2017-07-19 14:40:16 UTC","2017-07-19 14:40:18 UTC",919,"Animalia","Arthropoda","Arachnida","Araneae","Salticidae","Cosmophasis","Species","Cosmophasis baehrae","(Zabka & Waldock, 2012)","",3.75,NA
"Cosmophasis bitaeniata",0.602963591912282,"Dorsal,Lateral","mimic","Specimen",397,"2017-07-08 07:21:36 UTC","2017-07-08 07:21:40 UTC",397,"Animalia","Arthropoda","Arachnida","Araneae","Salticidae","Cosmophasis","Species","Cosmophasis bitaeniata","(Keyserling, 1882)","Green Tree Ant Cosmophasis",6.7,NA
"Cosmophasis micarioides",0.510116351353233,"Dorsal,Lateral","mimic","Specimen",913,"2017-07-08 05:52:45 UTC","2017-07-08 05:52:48 UTC",913,"Animalia","Arthropoda","Arachnida","Araneae","Salticidae","Cosmophasis","Species","Cosmophasis micarioides","(L. Koch, 1880)","",5.2,NA
"Cosmophasis thalassina",0.503373370724923,"Dorsal,Lateral","non-mimic","Specimen",457,"2017-07-07 05:49:21 UTC","2017-07-07 05:49:23 UTC",457,"Animalia","Arthropoda","Arachnida","Araneae","Salticidae","Cosmophasis","Species","Cosmophasis thalassina","(C.L. Koch, 1846)","",3.71428571428571,NA
"Crematogaster sp1",0.854699444089238,"Dorsal,Lateral","model","Specimen",31,"2017-01-06 03:44:23 UTC","2017-01-06 03:44:25 UTC",31,"Animalia","Arthropoda","Insecta","Hymenoptera","Formicidae","Crematogaster","Species","Crematogaster sp1","","",3.6,NA
"Creugas gulosus",0.69340698975294,"Dorsal","mimic",NA,NA,NA,NA,NA,NA,NA,NA,NA,NA,NA,NA,NA,NA,NA,NA,"Yes"
"Daerlac apicalis",0.674920301781508,"Dorsal,Lateral","mimic","Specimen",405,"2017-02-01 11:14:24 UTC","2017-02-01 23:09:54 UTC",405,"Animalia","Arthropoda","Insecta","Hemiptera","Rhyparochromidae","Daerlac","Species","Daerlac apicalis","(Distant, 1904)","",6.36,NA
"Daerlac nigricans",0.699323932268775,"Dorsal,Lateral","mimic","Specimen",642,"2017-05-26 01:58:26 UTC","2017-05-26 01:58:35 UTC",642,"Animalia","Arthropoda","Insecta","Hemiptera","Rhyparochromidae","Daerlac","Species","Daerlac nigricans","(Distant, 1918)","",7.45,NA
"Damoetas nitidus",0.649621709104505,"Dorsal,Lateral","mimic","Specimen",591,"2017-08-17 14:06:50 UTC","2017-08-17 14:06:52 UTC",591,"Animalia","Arthropoda","Arachnida","Araneae","Salticidae","Damoetas","Species","Damoetas nitidus","(L. Koch, 1880)","Shining Damoetas",3.2,NA
"Damoetas sp (?)",0.671379424701794,"Dorsal,Lateral","mimic",NA,NA,NA,NA,NA,NA,NA,NA,NA,NA,NA,NA,NA,NA,NA,NA,"Yes"
"Damoetas sp1",0.69325643207953,"Dorsal","non-mimic","Specimen",459,"2017-03-26 12:21:44 UTC","2017-03-26 12:21:46 UTC",459,"Animalia","Arthropoda","Arachnida","Araneae","Salticidae","Damoetas","Species","Damoetas sp1","","",3.5,NA
"Damoetas sp3",0.704904069192455,"Dorsal","mimic","Specimen",617,"2017-05-11 12:23:16 UTC","2017-05-11 12:23:19 UTC",617,"Animalia","Arthropoda","Arachnida","Araneae","Salticidae","Damoetas","Species","Damoetas sp3","","",3.6,NA
"Diptera1 sp1",0.655113027851012,"Dorsal","mimic","Specimen",274,"2017-01-06 04:02:13 UTC","2017-01-06 04:02:36 UTC",274,"Animalia","Arthropoda","Insecta","Diptera","","Diptera1","Species","Diptera1 sp1","","",12.6,NA
"Disnyssus helenmirrenae",0.619098365198784,"Dorsal","mimic",NA,NA,NA,NA,NA,NA,NA,NA,NA,NA,NA,NA,NA,NA,NA,NA,"Yes"
"Dolichoderus clarki",0.825171053262199,"Dorsal,Lateral","model","Specimen",412,"2017-04-09 12:07:40 UTC","2017-08-20 07:30:55 UTC",412,"Animalia","Arthropoda","Insecta","Hymenoptera","Formicidae","Dolichoderus","Species","Dolichoderus clarki","(Wheeler, 1935)","",7.4,NA
"Eilica sp1",0.451601541875216,"Dorsal,Lateral","mimic","Specimen",593,"2017-05-16 01:47:09 UTC","2017-05-16 01:47:11 UTC",593,"Animalia","Arthropoda","Arachnida","Araneae","Gnaphosidae","Eilica","Species","Eilica sp1","","Yellow-tailed Eilica",4.16,NA
"Eurybrachyid1 sp1",0.247123911123392,"Dorsal","non-mimic","Specimen",16,"2017-01-06 03:44:20 UTC","2017-01-06 03:44:21 UTC",16,"Animalia","Arthropoda","Insecta","Hemiptera","Eurybrachyidae","Eurybrachyid1","Species","Eurybrachyid1 sp1","","",8.4,NA
"Eurymela rubrolimbata",0.286704771461378,"Dorsal,Lateral","mimic","Specimen",393,"2017-08-15 15:30:25 UTC","2017-08-15 15:30:29 UTC",393,"Animalia","Arthropoda","Insecta","Hemiptera","Cicadellidae","Eurymela","Species","Eurymela rubrolimbata","(Kirkaldy, 1906)","",6.56,NA
"Formicid1 sp1",0.839379197296605,"Dorsal,Lateral","model","Specimen",537,"2017-04-11 00:22:38 UTC","2017-04-11 00:22:40 UTC",537,"Animalia","Arthropoda","Insecta","Hymenoptera","Formicidae","Formicid1","Species","Formicid1 sp1","","",4.35,NA
"Formicid10 sp1",0.85116407390527,"Dorsal,Lateral","model","Specimen",667,"2017-06-26 14:31:31 UTC","2017-06-26 14:31:33 UTC",667,"Animalia","Arthropoda","Insecta","Hymenoptera","Formicidae","Formicid10","Species","Formicid10 sp1","","",5,NA
"Formicid13 sp1",0.811141079515012,"Dorsal,Lateral","model","Specimen",843,"2017-07-02 09:37:47 UTC","2017-07-02 09:37:49 UTC",843,"Animalia","Arthropoda","Insecta","Hymenoptera","Formicidae","Formicid13","Species","Formicid13 sp1","","",5.6,NA
"Formicid19 sp1",0.848118953284068,"Dorsal,Lateral","model","Specimen",438,"2017-03-26 11:10:43 UTC","2017-03-26 11:10:45 UTC",438,"Animalia","Arthropoda","Insecta","Hymenoptera","Formicidae","Formicid19","Species","Formicid19 sp1","","",8.8,NA
"Formicid20 sp1",0.812733880375331,"Dorsal","model","Specimen",21,"2017-05-31 14:49:49 UTC","2017-05-31 14:49:51 UTC",21,"Animalia","Arthropoda","Insecta","Hymenoptera","Formicidae","Formicid20","Species","Formicid20 sp1","","",2.3,NA
"Formicid7 sp1",0.88283760150161,"Dorsal","model","Specimen",690,"2017-05-20 00:59:38 UTC","2017-05-20 00:59:40 UTC",690,"Animalia","Arthropoda","Insecta","Hymenoptera","Formicidae","Formicid7","Species","Formicid7 sp1","","",7,NA
"Froggattella sp1",0.849483328664067,"Dorsal,Lateral","model","Specimen",13,"2017-01-06 03:44:14 UTC","2017-01-06 03:44:16 UTC",13,"Animalia","Arthropoda","Insecta","Hymenoptera","Formicidae","Froggattella","Species","Froggattella sp1","","",3.8,NA
"Helpis minitabunda",0.607837888844868,"Dorsal","non-mimic","Specimen",266,"2017-01-06 03:44:51 UTC","2017-01-06 03:44:53 UTC",266,"Animalia","Arthropoda","Arachnida","Araneae","Salticidae","Helpis","Species","Helpis minitabunda","(L. Koch, 1880)","",8.2,NA
"Hemiptera1 sp1",0.681055739756253,"Dorsal,Lateral","mimic","Specimen",531,"2017-04-06 23:35:09 UTC","2017-04-06 23:35:11 UTC",531,"Animalia","Arthropoda","Insecta","Hemiptera","","Hemiptera1","Species","Hemiptera1 sp1","","",3.2,NA
"Heteroptera2 sp1",0.596189280965147,"Dorsal,Lateral","mimic","Specimen",851,"2017-08-16 11:11:27 UTC","2017-08-16 11:11:29 UTC",851,"Animalia","Arthropoda","Insecta","Hemiptera","","Heteroptera2","Species","Heteroptera2 sp1","","",3.05,NA
"Holoplatys sp2",0.574736272200549,"Dorsal,Lateral","non-mimic","Specimen",666,"2017-06-26 13:15:41 UTC","2017-06-26 13:15:49 UTC",666,"Animalia","Arthropoda","Arachnida","Araneae","Salticidae","Holoplatys","Species","Holoplatys sp2","","",6,NA
"Holoplatys sp4",0.722297995755562,"Dorsal,Lateral","mimic","Specimen",518,"2017-04-11 00:50:59 UTC","2017-04-11 00:51:00 UTC",518,"Animalia","Arthropoda","Arachnida","Araneae","Salticidae","Holoplatys","Species","Holoplatys sp4","","",3.2,NA
"Iridonyssus formicans",0.673428667976592,"Dorsal","mimic","Specimen",610,"2017-05-11 12:28:56 UTC","2017-05-11 12:28:59 UTC",610,"Animalia","Arthropoda","Arachnida","Araneae","Corinnidae","Iridonyssus","Species","Iridonyssus formicans","(Raven, 2015)","",3.57142857142857,NA
"Iridonyssus kohouti",0.509174243698102,"Dorsal,Lateral","mimic","Specimen",951,"2017-08-18 13:24:20 UTC","2017-08-18 13:24:28 UTC",951,"Animalia","Arthropoda","Arachnida","Araneae","Corinnidae","Iridonyssus","Species","Iridonyssus kohouti","(Raven, 2015)","",2.8,NA
"Judalana lutea",0.672396688454907,"Dorsal,Lateral","mimic","Specimen",551,"2017-04-19 01:24:34 UTC","2017-04-19 01:24:35 UTC",551,"Animalia","Arthropoda","Arachnida","Araneae","Salticidae","Judalana","Species","Judalana lutea","(Rix, 1999)","",3.5,NA
"Lamponid2 sp1",0.633514882235307,"Dorsal,Lateral","non-mimic","Specimen",682,"2017-06-03 13:34:25 UTC","2017-06-03 14:14:44 UTC",682,"Animalia","Arthropoda","Arachnida","Araneae","Lamponidae","Lamponid2","Species","Lamponid2 sp1","","",7.6,NA
"Leichhardteus albofasciatus",0.388101740195942,"Dorsal","mimic",NA,NA,NA,NA,NA,NA,NA,NA,NA,NA,NA,NA,NA,NA,NA,NA,"Yes"
"Leptomyrmex sp1",0.822069128690326,"Dorsal,Lateral","model","Specimen",419,"2017-02-25 00:12:30 UTC","2017-02-25 00:12:39 UTC",419,"Animalia","Arthropoda","Insecta","Hymenoptera","Formicidae","Leptomyrmex","Species","Leptomyrmex sp1","","",11.7,NA
"Leptopicia bimaculata",0.811643827018443,"Dorsal","mimic",NA,NA,NA,NA,NA,NA,NA,NA,NA,NA,NA,NA,NA,NA,NA,NA,"Yes"
"Ligonipes lacertosus",0.773765183949235,"Dorsal","mimic",NA,NA,NA,NA,NA,NA,NA,NA,NA,NA,NA,NA,NA,NA,NA,NA,"Yes"
"Ligonipes semitectus",0.75624957731961,"Dorsal","mimic",NA,NA,NA,NA,NA,NA,NA,NA,NA,NA,NA,NA,NA,NA,NA,NA,"Yes"
"Ligonipes sp1",0.606589965348574,"Dorsal,Lateral","mimic","Specimen",458,"2017-08-17 16:28:48 UTC","2017-08-17 16:28:50 UTC",458,"Animalia","Arthropoda","Arachnida","Araneae","Salticidae","Ligonipes","Species","Ligonipes sp1","(Karsch, 1878)","",3.5,NA
"Ligonipes sp2",0.795403133617608,"Dorsal","mimic","Specimen",540,"2017-04-15 00:53:52 UTC","2017-04-15 00:53:54 UTC",540,"Animalia","Arthropoda","Arachnida","Araneae","Salticidae","Ligonipes","Species","Ligonipes sp2","","",4.6,NA
"Lycosid3 sp1",0.560270023588941,"Dorsal","non-mimic","Specimen",231,"2017-06-03 14:26:41 UTC","2017-06-03 14:26:43 UTC",231,"Animalia","Arthropoda","Arachnida","Araneae","Lycosidae","Lycosid3","Species","Lycosid3 sp1","","",5.4,NA
"Lycosid4 sp1",0.631562897153539,"Dorsal","non-mimic","Specimen",249,"2017-06-03 15:55:54 UTC","2017-06-03 15:55:56 UTC",249,"Animalia","Arthropoda","Arachnida","Araneae","Lycosidae","Lycosid4","Species","Lycosid4 sp1","","",3.05,NA
"Mantid1 sp1",0.733381036272028,"Dorsal,Lateral","non-mimic","Specimen",437,"2017-08-17 16:39:15 UTC","2017-08-17 16:39:18 UTC",437,"Animalia","Arthropoda","Insecta","Mantodea","Mantidae","Mantid1","Species","Mantid1 sp1","","",8.1,NA
"Mantid2 sp1",0.751140952336921,"Dorsal,Lateral","non-mimic","Specimen",454,"2017-08-17 17:54:02 UTC","2017-08-17 17:54:03 UTC",454,"Animalia","Arthropoda","Insecta","Mantodea","Mantidae","Mantid2","Species","Mantid2 sp1","","",14,NA
"Mazax pax",0.643422125490124,"Dorsal,Lateral","mimic",NA,NA,NA,NA,NA,NA,NA,NA,NA,NA,NA,NA,NA,NA,NA,NA,"Yes"
"Mazax spinosa",0.439373960743677,"Dorsal,Lateral","mimic",NA,NA,NA,NA,NA,NA,NA,NA,NA,NA,NA,NA,NA,NA,NA,NA,"Yes"
"Myandra bicincta",0.610687026117874,"Dorsal,Lateral","mimic","Specimen",512,"2017-03-24 04:25:32 UTC","2017-03-24 04:25:36 UTC",512,"Animalia","Arthropoda","Arachnida","Araneae","Prodidomidae","Myandra","Species","Myandra bicincta","(Simon, 1908)","",1.95,NA
"Myrmapana centralis",0.671591947265822,"Dorsal,Lateral","mimic",NA,NA,NA,NA,NA,NA,NA,NA,NA,NA,NA,NA,NA,NA,NA,NA,"Yes"
"Myrmapana parallela",0.677913399070506,"Dorsal,Lateral","mimic",NA,NA,NA,NA,NA,NA,NA,NA,NA,NA,NA,NA,NA,NA,NA,NA,"Yes"
"Myrmapeni chickeringi",0.428388682020814,"Dorsal,Lateral","mimic",NA,NA,NA,NA,NA,NA,NA,NA,NA,NA,NA,NA,NA,NA,NA,NA,"Yes"
"Myrmaplata plataleoides",0.736947151608728,"Dorsal,Lateral","mimic",NA,NA,NA,NA,NA,NA,NA,NA,NA,NA,NA,NA,NA,NA,NA,NA,"Yes"
"Myrmarachne bicolor",0.63672070340419,"Dorsal,Lateral","mimic","Specimen",810,"2017-08-17 18:08:38 UTC","2017-08-17 18:08:41 UTC",810,"Animalia","Arthropoda","Arachnida","Araneae","Salticidae","Myrmarachne","Species","Myrmarachne bicolor","(L. Koch, 1879)","",5.8,NA
"Myrmarachne erythrocephala",0.721795629188597,"Dorsal,Lateral","mimic","Specimen",346,"2017-01-06 03:44:56 UTC","2017-01-06 03:44:58 UTC",346,"Animalia","Arthropoda","Arachnida","Araneae","Salticidae","Myrmarachne","Species","Myrmarachne erythrocephala","(Koch, 1879)","",5.28333333333333,NA
"Myrmarachne formicaria",0.577442110032685,"Dorsal,Lateral","mimic",NA,NA,NA,NA,NA,NA,NA,NA,NA,NA,NA,NA,NA,NA,NA,NA,"Yes"
"Myrmarachne helensmithae",0.712862768195762,"Dorsal,Lateral","mimic",NA,NA,NA,NA,NA,NA,NA,NA,NA,NA,NA,NA,NA,NA,NA,NA,"Yes"
"Myrmarachne juvenile",0.722906588628921,"Dorsal,Lateral","mimic","Specimen",523,"2017-04-24 13:00:05 UTC","2017-04-24 13:03:29 UTC",523,"Animalia","Arthropoda","Arachnida","Araneae","Salticidae","Myrmarachne","Species","Myrmarachne juvenile","","",3.34,NA
"Myrmarachne luctuosa",0.737920398430733,"Dorsal,Lateral","mimic","Specimen",12,"2017-01-06 03:44:13 UTC","2017-01-06 03:44:14 UTC",12,"Animalia","Arthropoda","Arachnida","Araneae","Salticidae","Myrmarachne","Species","Myrmarachne luctuosa","(L. Koch, 1879)","",5.41052631578947,NA
"Myrmarachne macaulayi",0.667082940367132,"Dorsal,Lateral","mimic",NA,NA,NA,NA,NA,NA,NA,NA,NA,NA,NA,NA,NA,NA,NA,NA,"Yes"
"Myrmarachne macleayana",0.701909148117047,"Dorsal,Lateral","mimic","Specimen",479,"2017-03-19 23:49:01 UTC","2017-03-19 23:49:05 UTC",479,"Animalia","Arthropoda","Arachnida","Araneae","Salticidae","Myrmarachne","Species","Myrmarachne macleayana","(Bradley, 1876)","",4.48571428571429,NA
"Myrmarachne smaragdina",0.8172588317852,"Dorsal,Lateral","mimic",NA,NA,NA,NA,NA,NA,NA,NA,NA,NA,NA,NA,NA,NA,NA,NA,"Yes"
"Myrmecia mandibularis",0.883206782141374,"Dorsal","model","Specimen",566,"2017-04-17 00:58:55 UTC","2017-04-17 00:58:56 UTC",566,"Animalia","Arthropoda","Insecta","Hymenoptera","Formicidae","Myrmecia","Species","Myrmecia mandibularis","(Smith, 1858)","",9.85,NA
"Myrmecotypus rettenmeyeri",0.742220252043757,"Dorsal,Lateral","mimic",NA,NA,NA,NA,NA,NA,NA,NA,NA,NA,NA,NA,NA,NA,NA,NA,"Yes"
"Neon nellii*",0.278486287749416,"Dorsal,Lateral","mimic",NA,NA,NA,NA,NA,NA,NA,NA,NA,NA,NA,NA,NA,NA,NA,NA,"Yes"
"Nucastia supunnoides",0.793119092330907,"Dorsal","mimic",NA,NA,NA,NA,NA,NA,NA,NA,NA,NA,NA,NA,NA,NA,NA,NA,"Yes"
"Nyssus albopunctatus",0.264746931513755,"Dorsal","mimic",NA,NA,NA,NA,NA,NA,NA,NA,NA,NA,NA,NA,NA,NA,NA,NA,"Yes"
"Nyssus avidus",0.527039093468792,"Dorsal","mimic",NA,NA,NA,NA,NA,NA,NA,NA,NA,NA,NA,NA,NA,NA,NA,NA,"Yes"
"Nyssus coloripes",0.361827380470095,"Dorsal,Lateral","non-mimic","Specimen",687,"2017-05-18 23:58:55 UTC","2017-05-18 23:58:57 UTC",687,"Animalia","Arthropoda","Arachnida","Araneae","Corinnidae","Nyssus","Species","Nyssus coloripes","(Walckenaer, 1805)","Orange-legged Swift Spider",5.9,NA
"Nyssus luteofinis",0.683434479968886,"Dorsal","mimic",NA,NA,NA,NA,NA,NA,NA,NA,NA,NA,NA,NA,NA,NA,NA,NA,"Yes"
"Nyssus paradoxus",0.673309236935106,"Dorsal","mimic",NA,NA,NA,NA,NA,NA,NA,NA,NA,NA,NA,NA,NA,NA,NA,NA,"Yes"
"Odontomachus sp1",0.885131646862453,"Dorsal","model","Specimen",433,"2017-03-25 05:16:11 UTC","2017-03-25 05:16:13 UTC",433,"Animalia","Arthropoda","Insecta","Hymenoptera","Formicidae","Odontomachus","Species","Odontomachus sp1","","",9.4,NA
"Oecophylla smaragdina",0.805250092857063,"Dorsal,Lateral","model","Specimen",500,"2017-03-21 01:45:15 UTC","2017-03-21 01:45:17 UTC",500,"Animalia","Arthropoda","Insecta","Hymenoptera","Formicidae","Oecophylla","Species","Oecophylla smaragdina","(Fabricius, 1775)","Green Tree Ant",6.6,NA
"Opisthopsis sp1",0.811858154411988,"Dorsal,Lateral","model","Specimen",509,"2017-08-19 08:03:17 UTC","2017-08-19 08:03:19 UTC",509,"Animalia","Arthropoda","Insecta","Hymenoptera","Formicidae","Opisthopsis","Species","Opisthopsis sp1","","Strobe ant",3.8,NA
"Oxyopes elegans",0.505653777466727,"Dorsal,Lateral","non-mimic","Specimen",260,"2017-01-06 03:44:48 UTC","2017-01-06 03:44:50 UTC",260,"Animalia","Arthropoda","Arachnida","Araneae","Oxyopidae","Oxyopes","Species","Oxyopes elegans","(L. Koch, 1878)","Elegant Lynx Spider",6.9,NA
"Poecilipta contorqua",0.667559968732311,"Dorsal,Lateral","mimic","Specimen",410,"2017-03-26 11:57:10 UTC","2017-03-26 11:57:11 UTC",410,"Animalia","Arthropoda","Arachnida","Araneae","Corinnidae","Poecilipta","Species","Poecilipta contorqua","","",5,NA
"Poecilipta kohouti",0.656385871071152,"Dorsal,Lateral","mimic","Specimen",978,"2017-08-07 09:38:17 UTC","2017-08-07 10:02:24 UTC",978,"Animalia","Arthropoda","Arachnida","Araneae","Corinnidae","Poecilipta","Species","Poecilipta kohouti","(Raven, 2015)","",4.53333333333333,NA
"Polyrhachis ammon",0.820739364815192,"Dorsal,Lateral","model","Specimen",565,"2017-04-17 01:09:06 UTC","2017-04-17 01:09:07 UTC",565,"Animalia","Arthropoda","Insecta","Hymenoptera","Formicidae","Polyrhachis","Species","Polyrhachis ammon","(Fabricius, 1775)","",7,NA
"Polyrhachis monteithi",0.849979866142437,"Dorsal,Lateral","model","Specimen",829,"2017-06-24 23:53:09 UTC","2017-06-24 23:53:11 UTC",829,"Animalia","Arthropoda","Insecta","Hymenoptera","Formicidae","Polyrhachis","Species","Polyrhachis monteithi","(Kohout, 2006)","",5.9,NA
"Polyrhachis sp1",0.857093577558496,"Dorsal,Lateral","model","Specimen",66,"2017-01-06 03:44:30 UTC","2017-01-06 03:56:54 UTC",66,"Animalia","Arthropoda","Insecta","Hymenoptera","Formicidae","Polyrhachis","Species","Polyrhachis sp1","","",5.6,NA
"Polyrhachis sp2",0.862789465254663,"Dorsal,Lateral","model","Specimen",384,"2017-01-06 03:45:08 UTC","2017-01-06 04:04:34 UTC",384,"Animalia","Arthropoda","Insecta","Hymenoptera","Formicidae","Polyrhachis","Species","Polyrhachis sp2","","",7.6,NA
"Reduviid1 sp1",0.722523334470171,"Dorsal,Lateral","non-mimic","Specimen",488,"2017-08-17 12:51:47 UTC","2017-08-17 12:51:48 UTC",488,"Animalia","Arthropoda","Insecta","Hemiptera","Reduviidae","Reduviid1","Species","Reduviid1 sp1","","",2.8,NA
"Rhombonotus gracilis",0.70323489436941,"Dorsal,Lateral","mimic","Specimen",609,"2017-08-12 13:16:30 UTC","2017-08-12 13:16:33 UTC",609,"Animalia","Arthropoda","Arachnida","Araneae","Salticidae","Rhombonotus","Species","Rhombonotus gracilis","(Koch L., 1879)","",2.7,NA
"Rhombonotus sp1",0.684031181896051,"Dorsal","non-mimic","Specimen",618,"2017-05-11 12:18:53 UTC","2017-05-11 12:18:54 UTC",618,"Animalia","Arthropoda","Arachnida","Araneae","Salticidae","Rhombonotus","Species","Rhombonotus sp1","","",2.8,NA
"Rhombonotus sp2",0.72786372490879,"Dorsal,Lateral","mimic","Specimen",813,"2017-08-13 14:42:17 UTC","2017-08-13 14:43:13 UTC",813,"Animalia","Arthropoda","Arachnida","Araneae","Salticidae","Rhombonotus","Species","Rhombonotus sp2","","",3.88571428571429,NA
"Rhombonotus sp3",0.697370288503316,"Dorsal,Lateral","mimic","Specimen",857,"2017-08-12 12:23:29 UTC","2017-08-12 12:23:33 UTC",857,"Animalia","Arthropoda","Arachnida","Araneae","Salticidae","Rhombonotus","Species","Rhombonotus sp3","","",2,NA
"Rhytidoponera metallica",0.886059539899268,"Dorsal,Lateral","model","Specimen",567,"2017-04-17 00:40:37 UTC","2017-04-17 00:40:39 UTC",567,"Animalia","Arthropoda","Insecta","Hymenoptera","Formicidae","Rhytidoponera","Species","Rhytidoponera metallica","(Smith, 1858)","",6.25,NA
"Riptortus abdominalis",0.686281855044406,"Dorsal,Lateral","mimic","Specimen",434,"2017-03-26 07:55:03 UTC","2017-03-26 07:55:04 UTC",434,"Animalia","Arthropoda","Insecta","Hemiptera","Alydidae","Riptortus","Species","Riptortus abdominalis","(Westwood, 1842)","",9.84,NA
"Salticid17 sp1",0.655688138505033,"Dorsal,Lateral","mimic","Specimen",925,"2017-07-05 14:45:06 UTC","2017-07-05 23:01:54 UTC",925,"Animalia","Arthropoda","Arachnida","Araneae","Salticidae","Salticid17","Species","Salticid17 sp1","","",2.5,NA
"Salticid18 sp1",0.550854513964479,"Dorsal,Lateral","non-mimic","Specimen",926,"2017-07-06 07:36:06 UTC","2017-07-06 07:36:11 UTC",926,"Animalia","Arthropoda","Arachnida","Araneae","Salticidae","Salticid18","Species","Salticid18 sp1","","",2.3,NA
"Salticid5 sp1",0.644907385866476,"Dorsal","non-mimic","Specimen",53,"2017-01-06 03:44:25 UTC","2017-01-06 03:49:09 UTC",53,"Animalia","Arthropoda","Arachnida","Araneae","Salticidae","Salticid5","Species","Salticid5 sp1","","",8.2,NA
"Salticid7 sp1",0.42853772249782,"Dorsal","non-mimic","Specimen",58,"2017-01-06 03:44:29 UTC","2017-01-06 03:44:30 UTC",58,"Animalia","Arthropoda","Arachnida","Araneae","Salticidae","Salticid7","Species","Salticid7 sp1","","",5.9,NA
"Serendib suthepica",0.681491807436991,"Dorsal,Lateral","mimic",NA,NA,NA,NA,NA,NA,NA,NA,NA,NA,NA,NA,NA,NA,NA,NA,"Yes"
"Serendib volans",0.510683684823344,"Dorsal,Lateral","mimic",NA,NA,NA,NA,NA,NA,NA,NA,NA,NA,NA,NA,NA,NA,NA,NA,"Yes"
"Servaea incana",0.414900550678469,"Dorsal","non-mimic","Specimen",15,"2017-01-06 03:44:18 UTC","2017-01-06 03:44:20 UTC",15,"Animalia","Arthropoda","Arachnida","Araneae","Salticidae","Servaea","Species","Servaea incana","(L. Keyserling, 1878)","Hoary Servaea",8.5,NA
"Sphecotypus niger",0.801876173912662,"Dorsal,Lateral","mimic",NA,NA,NA,NA,NA,NA,NA,NA,NA,NA,NA,NA,NA,NA,NA,NA,"Yes"
"Sphinctomyrmex sp1",0.908580846189115,"Dorsal","model","Specimen",67,"2017-01-06 03:44:32 UTC","2017-01-06 03:44:33 UTC",67,"Animalia","Arthropoda","Insecta","Hymenoptera","Formicidae","Sphinctomyrmex","Species","Sphinctomyrmex sp1","","",4.5,NA
"Storena mainae",0.62231088058188,"Dorsal","non-mimic","Specimen",552,"2017-04-19 01:14:07 UTC","2017-04-19 01:14:09 UTC",552,"Animalia","Arthropoda","Arachnida","Araneae","Zodariidae","Storena","Species","Storena mainae","(Jocqu√© & Baehr, 1995)","",11.75,NA
"Tamopsis fickerti",0.109770162729684,"Dorsal","non-mimic","Specimen",240,"2017-06-03 14:48:56 UTC","2017-06-03 14:48:57 UTC",240,"Animalia","Arthropoda","Arachnida","Araneae","Hersiliidae","Tamopsis","Species","Tamopsis fickerti","(L. Koch, 1876)","",6.7,NA
"Thomisid1 sp1",0.211662881593422,"Dorsal","non-mimic","Specimen",54,"2017-01-06 03:44:27 UTC","2017-01-06 03:44:28 UTC",54,"Animalia","Arthropoda","Arachnida","Araneae","Thomisidae","Thomisid1","Species","Thomisid1 sp1","","",3.4,NA
"Tinytrema bondi",0.697524212999168,"Dorsal","mimic","Specimen",538,"2017-04-15 00:19:38 UTC","2017-04-15 00:23:09 UTC",538,"Animalia","Arthropoda","Arachnida","Araneae","Trochanteriidae","Tinytrema","Species","Tinytrema bondi","(Platnick, 2002)","",3.4,NA
"Vespoidea2 sp1",0.767013801728354,"Dorsal","mimic","Specimen",1,"2017-01-06 03:44:11 UTC","2017-01-06 03:44:12 UTC",1,"Animalia","Arthropoda","Insecta","Hymenoptera","","Vespoidea2","Species","Vespoidea2 sp1","","",3,NA
"Vespoidea3 sp1",0.704993998597817,"Dorsal,Lateral","mimic","Specimen",416,"2017-08-18 07:18:58 UTC","2017-08-18 07:18:59 UTC",416,"Animalia","Arthropoda","Insecta","Hymenoptera","","Vespoidea3","Species","Vespoidea3 sp1","","",3.7,NA
"Vespoidea3 sp3",0.604288718851509,"Dorsal","mimic","Specimen",79,"2017-01-06 03:58:16 UTC","2017-01-06 03:58:18 UTC",79,"Animalia","Arthropoda","Insecta","Hymenoptera","","Vespoidea3","Species","Vespoidea3 sp3","","",3.6,NA
"Vespoidea4 sp1",0.695949477430367,"Dorsal,Lateral","non-mimic","Specimen",430,"2017-02-22 12:31:30 UTC","2017-07-03 13:26:01 UTC",430,"Animalia","Arthropoda","Insecta","Hymenoptera","Mutillidae","Vespoidea4","Species","Vespoidea4 sp1","","",4.53333333333333,NA
"Vespoidea5 sp1",0.773456617936363,"Dorsal,Lateral","mimic","Specimen",536,"2017-04-11 00:07:45 UTC","2017-04-11 00:07:47 UTC",536,"Animalia","Arthropoda","Insecta","Hymenoptera","","Vespoidea5","Species","Vespoidea5 sp1","","",6.225,NA
"Vespoidea6 sp1",0.581138032347563,"Dorsal,Lateral","mimic","Specimen",579,"2017-08-18 11:44:02 UTC","2017-08-18 11:44:04 UTC",579,"Animalia","Arthropoda","Insecta","Hymenoptera","","Vespoidea6","Species","Vespoidea6 sp1","","",5.3,NA
"Zillimata scintillans",0.791140451589173,"Dorsal","non-mimic","Specimen",539,"2017-04-15 00:36:35 UTC","2017-04-15 00:36:36 UTC",539,"Animalia","Arthropoda","Arachnida","Araneae","Zodariidae","Zillimata","Species","Zillimata scintillans","(Cambridge, 1869)","",6,NA
"Zodarid4 sp1",0.493621227984899,"Dorsal,Lateral","mimic","Specimen",515,"2017-08-16 17:35:50 UTC","2017-08-16 17:35:53 UTC",515,"Animalia","Arthropoda","Arachnida","Araneae","Zodariidae","Zodariid4","Species","Zodarid4 sp1","","",2.1,NA
"Camponotus sp2",0.854796636566963,"Lateral","model","Specimen",310,"2017-08-20 06:05:23 UTC","2017-08-20 06:05:39 UTC",310,"Animalia","Arthropoda","Insecta","Hymenoptera","Formicidae","Camponotus","Species","Camponotus sp2","","",6.6,NA
"Castianeira gertschi",0.474375591412783,"Lateral","mimic",NA,NA,NA,NA,NA,NA,NA,NA,NA,NA,NA,NA,NA,NA,NA,NA,"Yes"
"Diptera3 sp1",0.0240280765376767,"Lateral","non-mimic","Specimen",18,"2017-05-31 14:11:44 UTC","2017-05-31 22:31:16 UTC",18,"Animalia","Arthropoda","Insecta","Diptera","","Diptera3","Species","Diptera3 sp1","","",3.4,NA
"Gryllid1 sp1",0.325007839144679,"Lateral","non-mimic","Specimen",243,"2017-06-05 13:53:11 UTC","2017-06-05 13:53:13 UTC",243,"Animalia","Arthropoda","Insecta","Orthoptera","Gryllidae","Gryllid1","Species","Gryllid1 sp1","","",3,NA
"Insecta1 sp1",0.689083655277684,"Lateral","non-mimic","Specimen",19,"2017-08-12 02:10:03 UTC","2017-08-12 02:10:12 UTC",19,"Animalia","Arthropoda","Insecta","","","Insecta1","Species","Insecta1 sp1","","",1.7,NA
"Isopoda1 sp1",0.452165694210407,"Lateral","non-mimic","Specimen",242,"2017-06-03 15:00:27 UTC","2017-06-03 15:00:29 UTC",242,"Animalia","Arthropoda","Malacostraca","Isopoda","","","Species","Isopoda1 sp1","","",7.3,NA
"Notoncus sp1",0.92789585869429,"Lateral","model","Specimen",370,"2017-08-20 06:12:59 UTC","2017-08-20 06:13:00 UTC",370,"Animalia","Arthropoda","Insecta","Hymenoptera","Formicidae","Notoncus","Species","Notoncus sp1","","",4.05,NA
"Polyrhachis sp4",0.757214964491851,"Lateral","model","Specimen",431,"2017-08-20 06:18:56 UTC","2017-08-20 06:18:57 UTC",431,"Animalia","Arthropoda","Insecta","Hymenoptera","Formicidae","Polyrhachis","Species","Polyrhachis sp4","","",8.4,NA
"Stigmacros sp1",0.817098445542795,"Lateral","model","Specimen",3,"2017-08-20 06:25:38 UTC","2017-08-20 06:25:41 UTC",3,"Animalia","Arthropoda","Insecta","Hymenoptera","Formicidae","Stigmacros","Species","Stigmacros sp1","","",2.3,NA
"Tapinoma sp1",0.840178043837717,"Lateral","model","Specimen",244,"2017-06-03 15:23:00 UTC","2017-06-03 15:23:01 UTC",244,"Animalia","Arthropoda","Insecta","Hymenoptera","Formicidae","Tapinoma","Species","Tapinoma sp1","","",2.05,NA
