"angle","species","mimicType","imageabletype","imageableid","created_at","updated_at","id","kingdom","phylum","class","order","family","genus","taxonRank","scientificName","scientificNameAuthorship","vernacularName","bodylength","Ant.mimic.","accuracy"
"Dorsal","Aetius nocturnus","mimic",NA,NA,NA,NA,NA,NA,NA,NA,NA,NA,NA,NA,NA,NA,NA,NA,"Yes",0.851652902282091
"Dorsal","Alydid2 sp1","non-mimic","Specimen",446,"2017-03-24 05:02:44 UTC","2017-08-20 07:29:15 UTC",446,"Animalia","Arthropoda","Insecta","Hemiptera","Alydidae","Alydid2","Species","Alydid2 sp1","","",11.4,NA,0.703432462273017
"Dorsal","Alydid3 sp1","mimic","Specimen",444,"2017-03-24 05:50:24 UTC","2017-03-24 05:50:27 UTC",444,"Animalia","Arthropoda","Insecta","Hemiptera","Alydidae","Alydid3","Species","Alydid3 sp1","","",13.6,NA,0.803624330217994
"Dorsal","Amyciaea albomaculata","mimic","Specimen",398,"2017-02-02 12:28:49 UTC","2017-02-02 12:28:50 UTC",398,"Animalia","Arthropoda","Arachnida","Araneae","Thomisidae","Amyciaea","Species","Amyciaea albomaculata","(O.P.-Cambridge, 1874)","",4.86,NA,0.762866730125405
"Dorsal","Amyciaea sp1","mimic","Specimen",554,"2017-04-19 02:02:20 UTC","2017-04-19 02:02:21 UTC",554,"Animalia","Arthropoda","Arachnida","Araneae","Thomisidae","Amyciaea","Species","Amyciaea sp1","","",3.975,NA,0.774258410213784
"Dorsal","Apricia jovialis","mimic","Specimen",426,"2017-02-10 03:38:36 UTC","2017-02-10 03:38:38 UTC",426,"Animalia","Arthropoda","Arachnida","Araneae","Salticidae","Apricia","Species","Apricia jovialis","(L. Koch, 1879)","Jovial jumper",6.2,NA,0.646627805009052
"Dorsal","Araneae10 sp1","non-mimic","Specimen",270,"2017-01-06 03:44:55 UTC","2017-01-06 03:44:56 UTC",270,"Animalia","Arthropoda","Arachnida","Araneae","","Araneae10","Species","Araneae10 sp1","","",10,NA,0.710181254193217
"Dorsal","Araneae11 sp1","non-mimic","Specimen",250,"2017-06-04 13:30:25 UTC","2017-06-04 13:30:37 UTC",250,"Animalia","Arthropoda","Arachnida","Araneae","","Araneae11","Species","Araneae11 sp1","","",3.2,NA,0.62517276641275
"Dorsal","Astia hariola","non-mimic","Specimen",560,"2017-04-15 01:05:30 UTC","2017-04-15 01:05:31 UTC",560,"Animalia","Arthropoda","Arachnida","Araneae","Salticidae","Astia","Species","Astia hariola","(Koch, 1879)","Gypsy Jumper",5.15,NA,0.491817173034122
"Dorsal","Battalus byrneae","mimic",NA,NA,NA,NA,NA,NA,NA,NA,NA,NA,NA,NA,NA,NA,NA,NA,"Yes",0.329489497808045
"Dorsal","Camponotus nigriceps","model","Specimen",267,"2017-01-06 03:44:53 UTC","2017-01-06 03:44:54 UTC",267,"Animalia","Arthropoda","Insecta","Hymenoptera","Formicidae","Camponotus","Species","Camponotus nigriceps","(Smith, 1858)","",15.3,NA,0.897321615422356
"Dorsal","Camponotus sp1","model","Specimen",77,"2017-01-06 03:44:42 UTC","2017-01-06 03:44:44 UTC",77,"Animalia","Arthropoda","Insecta","Hymenoptera","Formicidae","Camponotus","Species","Camponotus sp1","","",7.6,NA,0.896008967689387
"Dorsal","Castianeira cingulata","mimic",NA,NA,NA,NA,NA,NA,NA,NA,NA,NA,NA,NA,NA,NA,NA,NA,"Yes",0.816003928831154
"Dorsal","Castianeira longipalpa","mimic",NA,NA,NA,NA,NA,NA,NA,NA,NA,NA,NA,NA,NA,NA,NA,NA,"Yes",0.708386442751633
"Dorsal","Castianeira trilineata","mimic",NA,NA,NA,NA,NA,NA,NA,NA,NA,NA,NA,NA,NA,NA,NA,NA,"Yes",0.771574461558458
"Dorsal","Cicadellid1 sp1","non-mimic","Specimen",14,"2017-08-21 12:51:13 UTC","2017-08-21 12:51:18 UTC",14,"Animalia","Arthropoda","Insecta","Hemiptera","Cicadellidae","Cicadellid1","Species","Cicadellid1 sp1","","",2.5,NA,0.0526380372731562
"Dorsal","Cicadellid2 sp1","non-mimic","Specimen",506,"2017-04-11 01:17:46 UTC","2017-04-11 01:21:52 UTC",506,"Animalia","Arthropoda","Insecta","Hemiptera","Cicadellidae","Cicadellid2","Species","Cicadellid2 sp1","","",1.8,NA,0
"Dorsal","Coleoptera2 sp1","mimic","Specimen",381,"2017-01-06 03:45:03 UTC","2017-01-06 04:03:27 UTC",381,"Animalia","Arthropoda","Insecta","Coleoptera","","Coleoptera2","Species","Coleoptera2 sp1","","",5.925,NA,0.657804570888245
"Dorsal","Coleoptera3 sp1","mimic","Specimen",404,"2017-04-24 13:20:16 UTC","2017-04-24 13:20:17 UTC",404,"Animalia","Arthropoda","Insecta","Coleoptera","","Coleoptera3","Species","Coleoptera3 sp1","","",11,NA,0.543420601111988
"Dorsal","Colobathristid1 sp1","mimic","Specimen",884,"2017-08-17 14:28:48 UTC","2017-08-17 14:28:52 UTC",884,"Animalia","Arthropoda","Insecta","Hemiptera","Colobathristidae","Colobathristid1","Species","Colobathristid1 sp1","","",7,NA,0.694506031663009
"Dorsal","Copa kabana","mimic",NA,NA,NA,NA,NA,NA,NA,NA,NA,NA,NA,NA,NA,NA,NA,NA,"Yes",0.565277818032411
"Dorsal","Corinnid1 sp1","mimic","Specimen",469,"2017-08-17 12:09:14 UTC","2017-08-17 12:09:16 UTC",469,"Animalia","Arthropoda","Arachnida","Araneae","Corinnidae","Corinnid1","Species","Corinnid1 sp1","","",3.95,NA,0.757879490352792
"Dorsal","Corinnomma sp.","mimic",NA,NA,NA,NA,NA,NA,NA,NA,NA,NA,NA,NA,NA,NA,NA,NA,"Yes",0.885130450413875
"Dorsal","Cosmophasis baehrae","non-mimic","Specimen",919,"2017-07-19 14:40:16 UTC","2017-07-19 14:40:18 UTC",919,"Animalia","Arthropoda","Arachnida","Araneae","Salticidae","Cosmophasis","Species","Cosmophasis baehrae","(Zabka & Waldock, 2012)","",3.75,NA,0.605904284359674
"Dorsal","Cosmophasis bitaeniata","mimic","Specimen",397,"2017-07-08 07:21:36 UTC","2017-07-08 07:21:40 UTC",397,"Animalia","Arthropoda","Arachnida","Araneae","Salticidae","Cosmophasis","Species","Cosmophasis bitaeniata","(Keyserling, 1882)","Green Tree Ant Cosmophasis",6.7,NA,0.659646541823001
"Dorsal","Cosmophasis micarioides","mimic","Specimen",913,"2017-07-08 05:52:45 UTC","2017-07-08 05:52:48 UTC",913,"Animalia","Arthropoda","Arachnida","Araneae","Salticidae","Cosmophasis","Species","Cosmophasis micarioides","(L. Koch, 1880)","",5.2,NA,0.553827653557623
"Dorsal","Cosmophasis thalassina","non-mimic","Specimen",457,"2017-07-07 05:49:21 UTC","2017-07-07 05:49:23 UTC",457,"Animalia","Arthropoda","Arachnida","Araneae","Salticidae","Cosmophasis","Species","Cosmophasis thalassina","(C.L. Koch, 1846)","",3.71428571428571,NA,0.60572508843562
"Dorsal","Crematogaster sp1","model","Specimen",31,"2017-01-06 03:44:23 UTC","2017-01-06 03:44:25 UTC",31,"Animalia","Arthropoda","Insecta","Hymenoptera","Formicidae","Crematogaster","Species","Crematogaster sp1","","",3.6,NA,0.89274114663327
"Dorsal","Creugas gulosus","mimic",NA,NA,NA,NA,NA,NA,NA,NA,NA,NA,NA,NA,NA,NA,NA,NA,"Yes",0.69340698975294
"Dorsal","Daerlac apicalis","mimic","Specimen",405,"2017-02-01 11:14:24 UTC","2017-02-01 23:09:54 UTC",405,"Animalia","Arthropoda","Insecta","Hemiptera","Rhyparochromidae","Daerlac","Species","Daerlac apicalis","(Distant, 1904)","",6.36,NA,0.663435098533404
"Dorsal","Daerlac nigricans","mimic","Specimen",642,"2017-05-26 01:58:26 UTC","2017-05-26 01:58:35 UTC",642,"Animalia","Arthropoda","Insecta","Hemiptera","Rhyparochromidae","Daerlac","Species","Daerlac nigricans","(Distant, 1918)","",7.45,NA,0.709932664894357
"Dorsal","Damoetas nitidus","mimic","Specimen",591,"2017-08-17 14:06:50 UTC","2017-08-17 14:06:52 UTC",591,"Animalia","Arthropoda","Arachnida","Araneae","Salticidae","Damoetas","Species","Damoetas nitidus","(L. Koch, 1880)","Shining Damoetas",3.2,NA,0.809676553523402
"Dorsal","Damoetas sp (?)","mimic",NA,NA,NA,NA,NA,NA,NA,NA,NA,NA,NA,NA,NA,NA,NA,NA,"Yes",0.756284669003312
"Dorsal","Damoetas sp1","non-mimic","Specimen",459,"2017-03-26 12:21:44 UTC","2017-03-26 12:21:46 UTC",459,"Animalia","Arthropoda","Arachnida","Araneae","Salticidae","Damoetas","Species","Damoetas sp1","","",3.5,NA,0.69325643207953
"Dorsal","Damoetas sp3","mimic","Specimen",617,"2017-05-11 12:23:16 UTC","2017-05-11 12:23:19 UTC",617,"Animalia","Arthropoda","Arachnida","Araneae","Salticidae","Damoetas","Species","Damoetas sp3","","",3.6,NA,0.704904069192455
"Dorsal","Diptera1 sp1","mimic","Specimen",274,"2017-01-06 04:02:13 UTC","2017-01-06 04:02:36 UTC",274,"Animalia","Arthropoda","Insecta","Diptera","","Diptera1","Species","Diptera1 sp1","","",12.6,NA,0.655113027851012
"Dorsal","Disnyssus helenmirrenae","mimic",NA,NA,NA,NA,NA,NA,NA,NA,NA,NA,NA,NA,NA,NA,NA,NA,"Yes",0.619098365198784
"Dorsal","Dolichoderus clarki","model","Specimen",412,"2017-04-09 12:07:40 UTC","2017-08-20 07:30:55 UTC",412,"Animalia","Arthropoda","Insecta","Hymenoptera","Formicidae","Dolichoderus","Species","Dolichoderus clarki","(Wheeler, 1935)","",7.4,NA,0.863475022290738
"Dorsal","Eilica sp1","mimic","Specimen",593,"2017-05-16 01:47:09 UTC","2017-05-16 01:47:11 UTC",593,"Animalia","Arthropoda","Arachnida","Araneae","Gnaphosidae","Eilica","Species","Eilica sp1","","Yellow-tailed Eilica",4.16,NA,0.428918424156246
"Dorsal","Eurybrachyid1 sp1","non-mimic","Specimen",16,"2017-01-06 03:44:20 UTC","2017-01-06 03:44:21 UTC",16,"Animalia","Arthropoda","Insecta","Hemiptera","Eurybrachyidae","Eurybrachyid1","Species","Eurybrachyid1 sp1","","",8.4,NA,0.247123911123392
"Dorsal","Eurymela rubrolimbata","mimic","Specimen",393,"2017-08-15 15:30:25 UTC","2017-08-15 15:30:29 UTC",393,"Animalia","Arthropoda","Insecta","Hemiptera","Cicadellidae","Eurymela","Species","Eurymela rubrolimbata","(Kirkaldy, 1906)","",6.56,NA,0.162464943637447
"Dorsal","Formicid1 sp1","model","Specimen",537,"2017-04-11 00:22:38 UTC","2017-04-11 00:22:40 UTC",537,"Animalia","Arthropoda","Insecta","Hymenoptera","Formicidae","Formicid1","Species","Formicid1 sp1","","",4.35,NA,0.89482641913069
"Dorsal","Formicid10 sp1","model","Specimen",667,"2017-06-26 14:31:31 UTC","2017-06-26 14:31:33 UTC",667,"Animalia","Arthropoda","Insecta","Hymenoptera","Formicidae","Formicid10","Species","Formicid10 sp1","","",5,NA,0.854547215656254
"Dorsal","Formicid13 sp1","model","Specimen",843,"2017-07-02 09:37:47 UTC","2017-07-02 09:37:49 UTC",843,"Animalia","Arthropoda","Insecta","Hymenoptera","Formicidae","Formicid13","Species","Formicid13 sp1","","",5.6,NA,0.867064324477689
"Dorsal","Formicid19 sp1","model","Specimen",438,"2017-03-26 11:10:43 UTC","2017-03-26 11:10:45 UTC",438,"Animalia","Arthropoda","Insecta","Hymenoptera","Formicidae","Formicid19","Species","Formicid19 sp1","","",8.8,NA,0.881965182960382
"Dorsal","Formicid20 sp1","model","Specimen",21,"2017-05-31 14:49:49 UTC","2017-05-31 14:49:51 UTC",21,"Animalia","Arthropoda","Insecta","Hymenoptera","Formicidae","Formicid20","Species","Formicid20 sp1","","",2.3,NA,0.812733880375331
"Dorsal","Formicid7 sp1","model","Specimen",690,"2017-05-20 00:59:38 UTC","2017-05-20 00:59:40 UTC",690,"Animalia","Arthropoda","Insecta","Hymenoptera","Formicidae","Formicid7","Species","Formicid7 sp1","","",7,NA,0.88283760150161
"Dorsal","Froggattella sp1","model","Specimen",13,"2017-01-06 03:44:14 UTC","2017-01-06 03:44:16 UTC",13,"Animalia","Arthropoda","Insecta","Hymenoptera","Formicidae","Froggattella","Species","Froggattella sp1","","",3.8,NA,0.903700071115873
"Dorsal","Helpis minitabunda","non-mimic","Specimen",266,"2017-01-06 03:44:51 UTC","2017-01-06 03:44:53 UTC",266,"Animalia","Arthropoda","Arachnida","Araneae","Salticidae","Helpis","Species","Helpis minitabunda","(L. Koch, 1880)","",8.2,NA,0.607837888844868
"Dorsal","Hemiptera1 sp1","mimic","Specimen",531,"2017-04-06 23:35:09 UTC","2017-04-06 23:35:11 UTC",531,"Animalia","Arthropoda","Insecta","Hemiptera","","Hemiptera1","Species","Hemiptera1 sp1","","",3.2,NA,0.778571726424677
"Dorsal","Heteroptera2 sp1","mimic","Specimen",851,"2017-08-16 11:11:27 UTC","2017-08-16 11:11:29 UTC",851,"Animalia","Arthropoda","Insecta","Hemiptera","","Heteroptera2","Species","Heteroptera2 sp1","","",3.05,NA,0.512052443674904
"Dorsal","Holoplatys sp2","non-mimic","Specimen",666,"2017-06-26 13:15:41 UTC","2017-06-26 13:15:49 UTC",666,"Animalia","Arthropoda","Arachnida","Araneae","Salticidae","Holoplatys","Species","Holoplatys sp2","","",6,NA,0.634596370490053
"Dorsal","Holoplatys sp4","mimic","Specimen",518,"2017-04-11 00:50:59 UTC","2017-04-11 00:51:00 UTC",518,"Animalia","Arthropoda","Arachnida","Araneae","Salticidae","Holoplatys","Species","Holoplatys sp4","","",3.2,NA,0.787327070995361
"Dorsal","Iridonyssus formicans","mimic","Specimen",610,"2017-05-11 12:28:56 UTC","2017-05-11 12:28:59 UTC",610,"Animalia","Arthropoda","Arachnida","Araneae","Corinnidae","Iridonyssus","Species","Iridonyssus formicans","(Raven, 2015)","",3.57142857142857,NA,0.673428667976592
"Dorsal","Iridonyssus kohouti","mimic","Specimen",951,"2017-08-18 13:24:20 UTC","2017-08-18 13:24:28 UTC",951,"Animalia","Arthropoda","Arachnida","Araneae","Corinnidae","Iridonyssus","Species","Iridonyssus kohouti","(Raven, 2015)","",2.8,NA,0.690168793800333
"Dorsal","Judalana lutea","mimic","Specimen",551,"2017-04-19 01:24:34 UTC","2017-04-19 01:24:35 UTC",551,"Animalia","Arthropoda","Arachnida","Araneae","Salticidae","Judalana","Species","Judalana lutea","(Rix, 1999)","",3.5,NA,0.768441491166481
"Dorsal","Lamponid2 sp1","non-mimic","Specimen",682,"2017-06-03 13:34:25 UTC","2017-06-03 14:14:44 UTC",682,"Animalia","Arthropoda","Arachnida","Araneae","Lamponidae","Lamponid2","Species","Lamponid2 sp1","","",7.6,NA,0.732207165108588
"Dorsal","Leichhardteus albofasciatus","mimic",NA,NA,NA,NA,NA,NA,NA,NA,NA,NA,NA,NA,NA,NA,NA,NA,"Yes",0.388101740195942
"Dorsal","Leptomyrmex sp1","model","Specimen",419,"2017-02-25 00:12:30 UTC","2017-02-25 00:12:39 UTC",419,"Animalia","Arthropoda","Insecta","Hymenoptera","Formicidae","Leptomyrmex","Species","Leptomyrmex sp1","","",11.7,NA,0.83157704784211
"Dorsal","Leptopicia bimaculata","mimic",NA,NA,NA,NA,NA,NA,NA,NA,NA,NA,NA,NA,NA,NA,NA,NA,"Yes",0.811643827018443
"Dorsal","Ligonipes lacertosus","mimic",NA,NA,NA,NA,NA,NA,NA,NA,NA,NA,NA,NA,NA,NA,NA,NA,"Yes",0.773765183949235
"Dorsal","Ligonipes semitectus","mimic",NA,NA,NA,NA,NA,NA,NA,NA,NA,NA,NA,NA,NA,NA,NA,NA,"Yes",0.75624957731961
"Dorsal","Ligonipes sp1","mimic","Specimen",458,"2017-08-17 16:28:48 UTC","2017-08-17 16:28:50 UTC",458,"Animalia","Arthropoda","Arachnida","Araneae","Salticidae","Ligonipes","Species","Ligonipes sp1","(Karsch, 1878)","",3.5,NA,0.706595519548687
"Dorsal","Ligonipes sp2","mimic","Specimen",540,"2017-04-15 00:53:52 UTC","2017-04-15 00:53:54 UTC",540,"Animalia","Arthropoda","Arachnida","Araneae","Salticidae","Ligonipes","Species","Ligonipes sp2","","",4.6,NA,0.795403133617608
"Dorsal","Lycosid3 sp1","non-mimic","Specimen",231,"2017-06-03 14:26:41 UTC","2017-06-03 14:26:43 UTC",231,"Animalia","Arthropoda","Arachnida","Araneae","Lycosidae","Lycosid3","Species","Lycosid3 sp1","","",5.4,NA,0.560270023588941
"Dorsal","Lycosid4 sp1","non-mimic","Specimen",249,"2017-06-03 15:55:54 UTC","2017-06-03 15:55:56 UTC",249,"Animalia","Arthropoda","Arachnida","Araneae","Lycosidae","Lycosid4","Species","Lycosid4 sp1","","",3.05,NA,0.631562897153539
"Dorsal","Mantid1 sp1","non-mimic","Specimen",437,"2017-08-17 16:39:15 UTC","2017-08-17 16:39:18 UTC",437,"Animalia","Arthropoda","Insecta","Mantodea","Mantidae","Mantid1","Species","Mantid1 sp1","","",8.1,NA,0.718198241062892
"Dorsal","Mantid2 sp1","non-mimic","Specimen",454,"2017-08-17 17:54:02 UTC","2017-08-17 17:54:03 UTC",454,"Animalia","Arthropoda","Insecta","Mantodea","Mantidae","Mantid2","Species","Mantid2 sp1","","",14,NA,0.803849999016676
"Dorsal","Mazax pax","mimic",NA,NA,NA,NA,NA,NA,NA,NA,NA,NA,NA,NA,NA,NA,NA,NA,"Yes",0.840300267313358
"Dorsal","Mazax spinosa","mimic",NA,NA,NA,NA,NA,NA,NA,NA,NA,NA,NA,NA,NA,NA,NA,NA,"Yes",0.653315768151227
"Dorsal","Myandra bicincta","mimic","Specimen",512,"2017-03-24 04:25:32 UTC","2017-03-24 04:25:36 UTC",512,"Animalia","Arthropoda","Arachnida","Araneae","Prodidomidae","Myandra","Species","Myandra bicincta","(Simon, 1908)","",1.95,NA,0.701497542657706
"Dorsal","Myrmapana centralis","mimic",NA,NA,NA,NA,NA,NA,NA,NA,NA,NA,NA,NA,NA,NA,NA,NA,"Yes",0.856506770914774
"Dorsal","Myrmapana parallela","mimic",NA,NA,NA,NA,NA,NA,NA,NA,NA,NA,NA,NA,NA,NA,NA,NA,"Yes",0.857194244779434
"Dorsal","Myrmapeni chickeringi","mimic",NA,NA,NA,NA,NA,NA,NA,NA,NA,NA,NA,NA,NA,NA,NA,NA,"Yes",0.836062876625115
"Dorsal","Myrmaplata plataleoides","mimic",NA,NA,NA,NA,NA,NA,NA,NA,NA,NA,NA,NA,NA,NA,NA,NA,"Yes",0.875281639092883
"Dorsal","Myrmarachne bicolor","mimic","Specimen",810,"2017-08-17 18:08:38 UTC","2017-08-17 18:08:41 UTC",810,"Animalia","Arthropoda","Arachnida","Araneae","Salticidae","Myrmarachne","Species","Myrmarachne bicolor","(L. Koch, 1879)","",5.8,NA,0.816787426636327
"Dorsal","Myrmarachne erythrocephala","mimic","Specimen",346,"2017-01-06 03:44:56 UTC","2017-01-06 03:44:58 UTC",346,"Animalia","Arthropoda","Arachnida","Araneae","Salticidae","Myrmarachne","Species","Myrmarachne erythrocephala","(Koch, 1879)","",5.28333333333333,NA,0.845814125409061
"Dorsal","Myrmarachne formicaria","mimic",NA,NA,NA,NA,NA,NA,NA,NA,NA,NA,NA,NA,NA,NA,NA,NA,"Yes",0.733126933678258
"Dorsal","Myrmarachne helensmithae","mimic",NA,NA,NA,NA,NA,NA,NA,NA,NA,NA,NA,NA,NA,NA,NA,NA,"Yes",0.814536436633091
"Dorsal","Myrmarachne juvenile","mimic","Specimen",523,"2017-04-24 13:00:05 UTC","2017-04-24 13:03:29 UTC",523,"Animalia","Arthropoda","Arachnida","Araneae","Salticidae","Myrmarachne","Species","Myrmarachne juvenile","","",3.34,NA,0.839043155507781
"Dorsal","Myrmarachne luctuosa","mimic","Specimen",12,"2017-01-06 03:44:13 UTC","2017-01-06 03:44:14 UTC",12,"Animalia","Arthropoda","Arachnida","Araneae","Salticidae","Myrmarachne","Species","Myrmarachne luctuosa","(L. Koch, 1879)","",5.41052631578947,NA,0.838201220368154
"Dorsal","Myrmarachne macaulayi","mimic",NA,NA,NA,NA,NA,NA,NA,NA,NA,NA,NA,NA,NA,NA,NA,NA,"Yes",0.86969408779838
"Dorsal","Myrmarachne macleayana","mimic","Specimen",479,"2017-03-19 23:49:01 UTC","2017-03-19 23:49:05 UTC",479,"Animalia","Arthropoda","Arachnida","Araneae","Salticidae","Myrmarachne","Species","Myrmarachne macleayana","(Bradley, 1876)","",4.48571428571429,NA,0.84331426117767
"Dorsal","Myrmarachne smaragdina","mimic",NA,NA,NA,NA,NA,NA,NA,NA,NA,NA,NA,NA,NA,NA,NA,NA,"Yes",0.896749278183744
"Dorsal","Myrmecia mandibularis","model","Specimen",566,"2017-04-17 00:58:55 UTC","2017-04-17 00:58:56 UTC",566,"Animalia","Arthropoda","Insecta","Hymenoptera","Formicidae","Myrmecia","Species","Myrmecia mandibularis","(Smith, 1858)","",9.85,NA,0.883206782141374
"Dorsal","Myrmecotypus rettenmeyeri","mimic",NA,NA,NA,NA,NA,NA,NA,NA,NA,NA,NA,NA,NA,NA,NA,NA,"Yes",0.805999782825239
"Dorsal","Neon nellii*","mimic",NA,NA,NA,NA,NA,NA,NA,NA,NA,NA,NA,NA,NA,NA,NA,NA,"Yes",0.458334288287296
"Dorsal","Nucastia supunnoides","mimic",NA,NA,NA,NA,NA,NA,NA,NA,NA,NA,NA,NA,NA,NA,NA,NA,"Yes",0.793119092330907
"Dorsal","Nyssus albopunctatus","mimic",NA,NA,NA,NA,NA,NA,NA,NA,NA,NA,NA,NA,NA,NA,NA,NA,"Yes",0.264746931513755
"Dorsal","Nyssus avidus","mimic",NA,NA,NA,NA,NA,NA,NA,NA,NA,NA,NA,NA,NA,NA,NA,NA,"Yes",0.527039093468792
"Dorsal","Nyssus coloripes","non-mimic","Specimen",687,"2017-05-18 23:58:55 UTC","2017-05-18 23:58:57 UTC",687,"Animalia","Arthropoda","Arachnida","Araneae","Corinnidae","Nyssus","Species","Nyssus coloripes","(Walckenaer, 1805)","Orange-legged Swift Spider",5.9,NA,0.607494639354262
"Dorsal","Nyssus luteofinis","mimic",NA,NA,NA,NA,NA,NA,NA,NA,NA,NA,NA,NA,NA,NA,NA,NA,"Yes",0.683434479968886
"Dorsal","Nyssus paradoxus","mimic",NA,NA,NA,NA,NA,NA,NA,NA,NA,NA,NA,NA,NA,NA,NA,NA,"Yes",0.673309236935106
"Dorsal","Odontomachus sp1","model","Specimen",433,"2017-03-25 05:16:11 UTC","2017-03-25 05:16:13 UTC",433,"Animalia","Arthropoda","Insecta","Hymenoptera","Formicidae","Odontomachus","Species","Odontomachus sp1","","",9.4,NA,0.885131646862453
"Dorsal","Oecophylla smaragdina","model","Specimen",500,"2017-03-21 01:45:15 UTC","2017-03-21 01:45:17 UTC",500,"Animalia","Arthropoda","Insecta","Hymenoptera","Formicidae","Oecophylla","Species","Oecophylla smaragdina","(Fabricius, 1775)","Green Tree Ant",6.6,NA,0.824721661192769
"Dorsal","Opisthopsis sp1","model","Specimen",509,"2017-08-19 08:03:17 UTC","2017-08-19 08:03:19 UTC",509,"Animalia","Arthropoda","Insecta","Hymenoptera","Formicidae","Opisthopsis","Species","Opisthopsis sp1","","Strobe ant",3.8,NA,0.841506612860032
"Dorsal","Oxyopes elegans","non-mimic","Specimen",260,"2017-01-06 03:44:48 UTC","2017-01-06 03:44:50 UTC",260,"Animalia","Arthropoda","Arachnida","Araneae","Oxyopidae","Oxyopes","Species","Oxyopes elegans","(L. Koch, 1878)","Elegant Lynx Spider",6.9,NA,0.68543652249697
"Dorsal","Poecilipta contorqua","mimic","Specimen",410,"2017-03-26 11:57:10 UTC","2017-03-26 11:57:11 UTC",410,"Animalia","Arthropoda","Arachnida","Araneae","Corinnidae","Poecilipta","Species","Poecilipta contorqua","","",5,NA,0.776831818913377
"Dorsal","Poecilipta kohouti","mimic","Specimen",978,"2017-08-07 09:38:17 UTC","2017-08-07 10:02:24 UTC",978,"Animalia","Arthropoda","Arachnida","Araneae","Corinnidae","Poecilipta","Species","Poecilipta kohouti","(Raven, 2015)","",4.53333333333333,NA,0.794765353330481
"Dorsal","Polyrhachis ammon","model","Specimen",565,"2017-04-17 01:09:06 UTC","2017-04-17 01:09:07 UTC",565,"Animalia","Arthropoda","Insecta","Hymenoptera","Formicidae","Polyrhachis","Species","Polyrhachis ammon","(Fabricius, 1775)","",7,NA,0.777944196392833
"Dorsal","Polyrhachis monteithi","model","Specimen",829,"2017-06-24 23:53:09 UTC","2017-06-24 23:53:11 UTC",829,"Animalia","Arthropoda","Insecta","Hymenoptera","Formicidae","Polyrhachis","Species","Polyrhachis monteithi","(Kohout, 2006)","",5.9,NA,0.83772678293768
"Dorsal","Polyrhachis sp1","model","Specimen",66,"2017-01-06 03:44:30 UTC","2017-01-06 03:56:54 UTC",66,"Animalia","Arthropoda","Insecta","Hymenoptera","Formicidae","Polyrhachis","Species","Polyrhachis sp1","","",5.6,NA,0.806597512317783
"Dorsal","Polyrhachis sp2","model","Specimen",384,"2017-01-06 03:45:08 UTC","2017-01-06 04:04:34 UTC",384,"Animalia","Arthropoda","Insecta","Hymenoptera","Formicidae","Polyrhachis","Species","Polyrhachis sp2","","",7.6,NA,0.902184781853949
"Dorsal","Reduviid1 sp1","non-mimic","Specimen",488,"2017-08-17 12:51:47 UTC","2017-08-17 12:51:48 UTC",488,"Animalia","Arthropoda","Insecta","Hemiptera","Reduviidae","Reduviid1","Species","Reduviid1 sp1","","",2.8,NA,0.701886319631977
"Dorsal","Rhombonotus gracilis","mimic","Specimen",609,"2017-08-12 13:16:30 UTC","2017-08-12 13:16:33 UTC",609,"Animalia","Arthropoda","Arachnida","Araneae","Salticidae","Rhombonotus","Species","Rhombonotus gracilis","(Koch L., 1879)","",2.7,NA,0.818642905799642
"Dorsal","Rhombonotus sp1","non-mimic","Specimen",618,"2017-05-11 12:18:53 UTC","2017-05-11 12:18:54 UTC",618,"Animalia","Arthropoda","Arachnida","Araneae","Salticidae","Rhombonotus","Species","Rhombonotus sp1","","",2.8,NA,0.684031181896051
"Dorsal","Rhombonotus sp2","mimic","Specimen",813,"2017-08-13 14:42:17 UTC","2017-08-13 14:43:13 UTC",813,"Animalia","Arthropoda","Arachnida","Araneae","Salticidae","Rhombonotus","Species","Rhombonotus sp2","","",3.88571428571429,NA,0.840326556335025
"Dorsal","Rhombonotus sp3","mimic","Specimen",857,"2017-08-12 12:23:29 UTC","2017-08-12 12:23:33 UTC",857,"Animalia","Arthropoda","Arachnida","Araneae","Salticidae","Rhombonotus","Species","Rhombonotus sp3","","",2,NA,0.822309390854201
"Dorsal","Rhytidoponera metallica","model","Specimen",567,"2017-04-17 00:40:37 UTC","2017-04-17 00:40:39 UTC",567,"Animalia","Arthropoda","Insecta","Hymenoptera","Formicidae","Rhytidoponera","Species","Rhytidoponera metallica","(Smith, 1858)","",6.25,NA,0.911339383095446
"Dorsal","Riptortus abdominalis","mimic","Specimen",434,"2017-03-26 07:55:03 UTC","2017-03-26 07:55:04 UTC",434,"Animalia","Arthropoda","Insecta","Hemiptera","Alydidae","Riptortus","Species","Riptortus abdominalis","(Westwood, 1842)","",9.84,NA,0.75790425025317
"Dorsal","Salticid17 sp1","mimic","Specimen",925,"2017-07-05 14:45:06 UTC","2017-07-05 23:01:54 UTC",925,"Animalia","Arthropoda","Arachnida","Araneae","Salticidae","Salticid17","Species","Salticid17 sp1","","",2.5,NA,0.742522425724988
"Dorsal","Salticid18 sp1","non-mimic","Specimen",926,"2017-07-06 07:36:06 UTC","2017-07-06 07:36:11 UTC",926,"Animalia","Arthropoda","Arachnida","Araneae","Salticidae","Salticid18","Species","Salticid18 sp1","","",2.3,NA,0.637202452685132
"Dorsal","Salticid5 sp1","non-mimic","Specimen",53,"2017-01-06 03:44:25 UTC","2017-01-06 03:49:09 UTC",53,"Animalia","Arthropoda","Arachnida","Araneae","Salticidae","Salticid5","Species","Salticid5 sp1","","",8.2,NA,0.644907385866476
"Dorsal","Salticid7 sp1","non-mimic","Specimen",58,"2017-01-06 03:44:29 UTC","2017-01-06 03:44:30 UTC",58,"Animalia","Arthropoda","Arachnida","Araneae","Salticidae","Salticid7","Species","Salticid7 sp1","","",5.9,NA,0.42853772249782
"Dorsal","Serendib suthepica","mimic",NA,NA,NA,NA,NA,NA,NA,NA,NA,NA,NA,NA,NA,NA,NA,NA,"Yes",0.853419957461008
"Dorsal","Serendib volans","mimic",NA,NA,NA,NA,NA,NA,NA,NA,NA,NA,NA,NA,NA,NA,NA,NA,"Yes",0.633514604801988
"Dorsal","Servaea incana","non-mimic","Specimen",15,"2017-01-06 03:44:18 UTC","2017-01-06 03:44:20 UTC",15,"Animalia","Arthropoda","Arachnida","Araneae","Salticidae","Servaea","Species","Servaea incana","(L. Keyserling, 1878)","Hoary Servaea",8.5,NA,0.414900550678469
"Dorsal","Sphecotypus niger","mimic",NA,NA,NA,NA,NA,NA,NA,NA,NA,NA,NA,NA,NA,NA,NA,NA,"Yes",0.832233916493097
"Dorsal","Sphinctomyrmex sp1","model","Specimen",67,"2017-01-06 03:44:32 UTC","2017-01-06 03:44:33 UTC",67,"Animalia","Arthropoda","Insecta","Hymenoptera","Formicidae","Sphinctomyrmex","Species","Sphinctomyrmex sp1","","",4.5,NA,0.908580846189115
"Dorsal","Storena mainae","non-mimic","Specimen",552,"2017-04-19 01:14:07 UTC","2017-04-19 01:14:09 UTC",552,"Animalia","Arthropoda","Arachnida","Araneae","Zodariidae","Storena","Species","Storena mainae","(Jocqu√© & Baehr, 1995)","",11.75,NA,0.62231088058188
"Dorsal","Tamopsis fickerti","non-mimic","Specimen",240,"2017-06-03 14:48:56 UTC","2017-06-03 14:48:57 UTC",240,"Animalia","Arthropoda","Arachnida","Araneae","Hersiliidae","Tamopsis","Species","Tamopsis fickerti","(L. Koch, 1876)","",6.7,NA,0.109770162729684
"Dorsal","Thomisid1 sp1","non-mimic","Specimen",54,"2017-01-06 03:44:27 UTC","2017-01-06 03:44:28 UTC",54,"Animalia","Arthropoda","Arachnida","Araneae","Thomisidae","Thomisid1","Species","Thomisid1 sp1","","",3.4,NA,0.211662881593422
"Dorsal","Tinytrema bondi","mimic","Specimen",538,"2017-04-15 00:19:38 UTC","2017-04-15 00:23:09 UTC",538,"Animalia","Arthropoda","Arachnida","Araneae","Trochanteriidae","Tinytrema","Species","Tinytrema bondi","(Platnick, 2002)","",3.4,NA,0.697524212999168
"Dorsal","Vespoidea2 sp1","mimic","Specimen",1,"2017-01-06 03:44:11 UTC","2017-01-06 03:44:12 UTC",1,"Animalia","Arthropoda","Insecta","Hymenoptera","","Vespoidea2","Species","Vespoidea2 sp1","","",3,NA,0.767013801728354
"Dorsal","Vespoidea3 sp1","mimic","Specimen",416,"2017-08-18 07:18:58 UTC","2017-08-18 07:18:59 UTC",416,"Animalia","Arthropoda","Insecta","Hymenoptera","","Vespoidea3","Species","Vespoidea3 sp1","","",3.7,NA,0.751409224517716
"Dorsal","Vespoidea3 sp3","mimic","Specimen",79,"2017-01-06 03:58:16 UTC","2017-01-06 03:58:18 UTC",79,"Animalia","Arthropoda","Insecta","Hymenoptera","","Vespoidea3","Species","Vespoidea3 sp3","","",3.6,NA,0.604288718851509
"Dorsal","Vespoidea4 sp1","non-mimic","Specimen",430,"2017-02-22 12:31:30 UTC","2017-07-03 13:26:01 UTC",430,"Animalia","Arthropoda","Insecta","Hymenoptera","Mutillidae","Vespoidea4","Species","Vespoidea4 sp1","","",4.53333333333333,NA,0.763510302576764
"Dorsal","Vespoidea5 sp1","mimic","Specimen",536,"2017-04-11 00:07:45 UTC","2017-04-11 00:07:47 UTC",536,"Animalia","Arthropoda","Insecta","Hymenoptera","","Vespoidea5","Species","Vespoidea5 sp1","","",6.225,NA,0.825755820225515
"Dorsal","Vespoidea6 sp1","mimic","Specimen",579,"2017-08-18 11:44:02 UTC","2017-08-18 11:44:04 UTC",579,"Animalia","Arthropoda","Insecta","Hymenoptera","","Vespoidea6","Species","Vespoidea6 sp1","","",5.3,NA,0.676406328539708
"Dorsal","Zillimata scintillans","non-mimic","Specimen",539,"2017-04-15 00:36:35 UTC","2017-04-15 00:36:36 UTC",539,"Animalia","Arthropoda","Arachnida","Araneae","Zodariidae","Zillimata","Species","Zillimata scintillans","(Cambridge, 1869)","",6,NA,0.791140451589173
"Dorsal","Zodarid4 sp1","mimic","Specimen",515,"2017-08-16 17:35:50 UTC","2017-08-16 17:35:53 UTC",515,"Animalia","Arthropoda","Arachnida","Araneae","Zodariidae","Zodariid4","Species","Zodarid4 sp1","","",2.1,NA,0.595700527874197
"Lateral","Aetius nocturnus","mimic",NA,NA,NA,NA,NA,NA,NA,NA,NA,NA,NA,NA,NA,NA,NA,NA,"Yes",0.530760603968135
"Lateral","Alydid2 sp1","non-mimic","Specimen",446,"2017-03-24 05:12:32 UTC","2017-08-20 07:29:29 UTC",446,"Animalia","Arthropoda","Insecta","Hemiptera","Alydidae","Alydid2","Species","Alydid2 sp1","","",11.4,NA,0.639659618997449
"Lateral","Alydid3 sp1","mimic","Specimen",444,"2017-03-24 05:27:51 UTC","2017-03-24 05:41:51 UTC",444,"Animalia","Arthropoda","Insecta","Hemiptera","Alydidae","Alydid3","Species","Alydid3 sp1","","",13.6,NA,0.838216168825647
"Lateral","Amyciaea albomaculata","mimic","Specimen",398,"2017-02-02 12:24:15 UTC","2017-02-02 12:24:17 UTC",398,"Animalia","Arthropoda","Arachnida","Araneae","Thomisidae","Amyciaea","Species","Amyciaea albomaculata","(O.P.-Cambridge, 1874)","",4.975,NA,0.585167197712298
"Lateral","Apricia jovialis","mimic","Specimen",426,"2017-02-10 03:46:59 UTC","2017-02-10 03:47:01 UTC",426,"Animalia","Arthropoda","Arachnida","Araneae","Salticidae","Apricia","Species","Apricia jovialis","(L. Koch, 1879)","Jovial jumper",6.2,NA,0.5209382716173
"Lateral","Astia hariola","non-mimic","Specimen",704,"2017-06-01 13:26:16 UTC","2017-06-01 13:26:56 UTC",704,"Animalia","Arthropoda","Arachnida","Araneae","Salticidae","Astia","Species","Astia hariola","(Koch, 1879)","Gypsy Jumper",5.2,NA,0.296948251535025
"Lateral","Camponotus nigriceps","model","Specimen",267,"2017-08-20 06:24:14 UTC","2017-08-20 06:24:16 UTC",267,"Animalia","Arthropoda","Insecta","Hymenoptera","Formicidae","Camponotus","Species","Camponotus nigriceps","(Smith, 1858)","",14.4,NA,0.890029039965984
"Lateral","Camponotus sp2","model","Specimen",310,"2017-08-20 06:05:23 UTC","2017-08-20 06:05:39 UTC",310,"Animalia","Arthropoda","Insecta","Hymenoptera","Formicidae","Camponotus","Species","Camponotus sp2","","",6.6,NA,0.854796636566963
"Lateral","Castianeira gertschi","mimic",NA,NA,NA,NA,NA,NA,NA,NA,NA,NA,NA,NA,NA,NA,NA,NA,"Yes",0.474375591412783
"Lateral","Castianeira longipalpa","mimic",NA,NA,NA,NA,NA,NA,NA,NA,NA,NA,NA,NA,NA,NA,NA,NA,"Yes",0
"Lateral","Castianeira trilineata","mimic",NA,NA,NA,NA,NA,NA,NA,NA,NA,NA,NA,NA,NA,NA,NA,NA,"Yes",0.22792647308449
"Lateral","Cicadellid2 sp1","non-mimic","Specimen",506,"2017-04-11 01:26:15 UTC","2017-04-11 01:26:17 UTC",506,"Animalia","Arthropoda","Insecta","Hemiptera","Cicadellidae","Cicadellid2","Species","Cicadellid2 sp1","","",1.8,NA,0.210024130630567
"Lateral","Coleoptera2 sp1","mimic","Specimen",381,"2017-01-06 03:45:04 UTC","2017-01-06 04:03:41 UTC",381,"Animalia","Arthropoda","Insecta","Coleoptera","","Coleoptera2","Species","Coleoptera2 sp1","","",5.925,NA,0.617520438516763
"Lateral","Coleoptera3 sp1","mimic","Specimen",404,"2017-04-24 13:23:23 UTC","2017-04-24 13:23:24 UTC",404,"Animalia","Arthropoda","Insecta","Coleoptera","","Coleoptera3","Species","Coleoptera3 sp1","","",11,NA,0.582494136511819
"Lateral","Colobathristid1 sp1","mimic","Specimen",884,"2017-08-17 14:49:39 UTC","2017-08-17 14:49:42 UTC",884,"Animalia","Arthropoda","Insecta","Hemiptera","Colobathristidae","Colobathristid1","Species","Colobathristid1 sp1","","",7,NA,0.567353597128119
"Lateral","Corinnid1 sp1","mimic","Specimen",469,"2017-08-17 12:07:30 UTC","2017-08-17 12:07:37 UTC",469,"Animalia","Arthropoda","Arachnida","Araneae","Corinnidae","Corinnid1","Species","Corinnid1 sp1","","",3.95,NA,0.530929025778503
"Lateral","Corinnomma sp.","mimic",NA,NA,NA,NA,NA,NA,NA,NA,NA,NA,NA,NA,NA,NA,NA,NA,"Yes",0.705762331460286
"Lateral","Cosmophasis baehrae","non-mimic","Specimen",919,"2017-08-09 03:47:18 UTC","2017-08-09 03:47:20 UTC",919,"Animalia","Arthropoda","Arachnida","Araneae","Salticidae","Cosmophasis","Species","Cosmophasis baehrae","(Zabka & Waldock, 2012)","",3.75,NA,0.391162640690681
"Lateral","Cosmophasis bitaeniata","mimic","Specimen",397,"2017-07-08 14:19:47 UTC","2017-07-08 14:19:54 UTC",397,"Animalia","Arthropoda","Arachnida","Araneae","Salticidae","Cosmophasis","Species","Cosmophasis bitaeniata","(Keyserling, 1882)","Green Tree Ant Cosmophasis",6.7,NA,0.546280642001562
"Lateral","Cosmophasis micarioides","mimic","Specimen",913,"2017-07-08 07:01:43 UTC","2017-07-08 07:01:46 UTC",913,"Animalia","Arthropoda","Arachnida","Araneae","Salticidae","Cosmophasis","Species","Cosmophasis micarioides","(L. Koch, 1880)","",5.2,NA,0.466405049148842
"Lateral","Cosmophasis thalassina","non-mimic","Specimen",457,"2017-07-07 06:11:18 UTC","2017-07-07 06:11:20 UTC",457,"Animalia","Arthropoda","Arachnida","Araneae","Salticidae","Cosmophasis","Species","Cosmophasis thalassina","(C.L. Koch, 1846)","",3.71428571428571,NA,0.401021653014226
"Lateral","Crematogaster sp1","model","Specimen",23,"2017-06-01 12:37:07 UTC","2017-06-01 12:37:09 UTC",23,"Animalia","Arthropoda","Insecta","Hymenoptera","Formicidae","Crematogaster","Species","Crematogaster sp1","","",3.65,NA,0.816657741545206
"Lateral","Daerlac apicalis","mimic","Specimen",405,"2017-02-01 11:22:09 UTC","2017-02-01 23:09:59 UTC",405,"Animalia","Arthropoda","Insecta","Hemiptera","Rhyparochromidae","Daerlac","Species","Daerlac apicalis","(Distant, 1904)","",6.36,NA,0.686405505029613
"Lateral","Daerlac nigricans","mimic","Specimen",642,"2017-05-26 02:09:02 UTC","2017-05-26 02:09:04 UTC",642,"Animalia","Arthropoda","Insecta","Hemiptera","Rhyparochromidae","Daerlac","Species","Daerlac nigricans","(Distant, 1918)","",7.375,NA,0.688715199643193
"Lateral","Damoetas nitidus","mimic","Specimen",591,"2017-08-17 14:06:13 UTC","2017-08-17 14:06:17 UTC",591,"Animalia","Arthropoda","Arachnida","Araneae","Salticidae","Damoetas","Species","Damoetas nitidus","(L. Koch, 1880)","Shining Damoetas",3.2,NA,0.489566864685609
"Lateral","Damoetas sp (?)","mimic",NA,NA,NA,NA,NA,NA,NA,NA,NA,NA,NA,NA,NA,NA,NA,NA,"Yes",0.586474180400276
"Lateral","Diptera3 sp1","non-mimic","Specimen",18,"2017-05-31 14:11:44 UTC","2017-05-31 22:31:16 UTC",18,"Animalia","Arthropoda","Insecta","Diptera","","Diptera3","Species","Diptera3 sp1","","",3.4,NA,0.0240280765376767
"Lateral","Dolichoderus clarki","model","Specimen",390,"2017-02-22 22:49:38 UTC","2017-02-22 22:49:39 UTC",390,"Animalia","Arthropoda","Insecta","Hymenoptera","Formicidae","Dolichoderus","Species","Dolichoderus clarki","(Wheeler, 1935)","",7.45,NA,0.78686708423366
"Lateral","Eilica sp1","mimic","Specimen",593,"2017-05-16 01:56:14 UTC","2017-05-16 02:02:46 UTC",593,"Animalia","Arthropoda","Arachnida","Araneae","Gnaphosidae","Eilica","Species","Eilica sp1","","Yellow-tailed Eilica",4.1,NA,0.474284659594185
"Lateral","Eurymela rubrolimbata","mimic","Specimen",393,"2017-08-15 15:40:36 UTC","2017-08-15 15:40:39 UTC",393,"Animalia","Arthropoda","Insecta","Hemiptera","Cicadellidae","Eurymela","Species","Eurymela rubrolimbata","(Kirkaldy, 1906)","",5.86666666666667,NA,0.410944599285308
"Lateral","Formicid1 sp1","model","Specimen",537,"2017-04-11 00:22:20 UTC","2017-04-11 00:38:14 UTC",537,"Animalia","Arthropoda","Insecta","Hymenoptera","Formicidae","Formicid1","Species","Formicid1 sp1","","",5,NA,0.783931975462521
"Lateral","Formicid10 sp1","model","Specimen",667,"2017-06-27 07:28:26 UTC","2017-06-27 07:28:27 UTC",667,"Animalia","Arthropoda","Insecta","Hymenoptera","Formicidae","Formicid10","Species","Formicid10 sp1","","",5,NA,0.847780932154286
"Lateral","Formicid13 sp1","model","Specimen",843,"2017-07-02 09:38:57 UTC","2017-07-02 09:39:00 UTC",843,"Animalia","Arthropoda","Insecta","Hymenoptera","Formicidae","Formicid13","Species","Formicid13 sp1","","",5.6,NA,0.755217834552334
"Lateral","Formicid19 sp1","model","Specimen",438,"2017-03-26 11:15:22 UTC","2017-03-26 11:15:24 UTC",438,"Animalia","Arthropoda","Insecta","Hymenoptera","Formicidae","Formicid19","Species","Formicid19 sp1","","",8.8,NA,0.814272723607753
"Lateral","Froggattella sp1","model","Specimen",248,"2017-08-20 06:28:15 UTC","2017-08-20 06:28:16 UTC",248,"Animalia","Arthropoda","Insecta","Hymenoptera","Formicidae","Froggattella","Species","Froggattella sp1","","",3,NA,0.795266586212261
"Lateral","Gryllid1 sp1","non-mimic","Specimen",243,"2017-06-05 13:53:11 UTC","2017-06-05 13:53:13 UTC",243,"Animalia","Arthropoda","Insecta","Orthoptera","Gryllidae","Gryllid1","Species","Gryllid1 sp1","","",3,NA,0.325007839144679
"Lateral","Hemiptera1 sp1","mimic","Specimen",531,"2017-04-06 23:40:07 UTC","2017-04-06 23:40:08 UTC",531,"Animalia","Arthropoda","Insecta","Hemiptera","","Hemiptera1","Species","Hemiptera1 sp1","","",3.2,NA,0.583539753087829
"Lateral","Heteroptera2 sp1","mimic","Specimen",851,"2017-08-16 11:13:00 UTC","2017-08-16 11:13:01 UTC",851,"Animalia","Arthropoda","Insecta","Hemiptera","","Heteroptera2","Species","Heteroptera2 sp1","","",3.05,NA,0.68032611825539
"Lateral","Holoplatys sp2","non-mimic","Specimen",666,"2017-06-26 13:44:25 UTC","2017-06-26 13:44:27 UTC",666,"Animalia","Arthropoda","Arachnida","Araneae","Salticidae","Holoplatys","Species","Holoplatys sp2","","",6,NA,0.514876173911044
"Lateral","Holoplatys sp4","mimic","Specimen",518,"2017-04-11 00:43:59 UTC","2017-04-11 00:44:01 UTC",518,"Animalia","Arthropoda","Arachnida","Araneae","Salticidae","Holoplatys","Species","Holoplatys sp4","","",3.2,NA,0.657268920515764
"Lateral","Insecta1 sp1","non-mimic","Specimen",19,"2017-08-12 02:10:03 UTC","2017-08-12 02:10:12 UTC",19,"Animalia","Arthropoda","Insecta","","","Insecta1","Species","Insecta1 sp1","","",1.7,NA,0.689083655277684
"Lateral","Iridonyssus kohouti","mimic","Specimen",951,"2017-08-18 13:38:37 UTC","2017-08-18 13:38:40 UTC",951,"Animalia","Arthropoda","Arachnida","Araneae","Corinnidae","Iridonyssus","Species","Iridonyssus kohouti","(Raven, 2015)","",2.8,NA,0.328179693595872
"Lateral","Isopoda1 sp1","non-mimic","Specimen",242,"2017-06-03 15:00:27 UTC","2017-06-03 15:00:29 UTC",242,"Animalia","Arthropoda","Malacostraca","Isopoda","","","Species","Isopoda1 sp1","","",7.3,NA,0.452165694210407
"Lateral","Judalana lutea","mimic","Specimen",817,"2017-07-15 07:09:28 UTC","2017-07-15 07:09:34 UTC",817,"Animalia","Arthropoda","Arachnida","Araneae","Salticidae","Judalana","Species","Judalana lutea","(Rix, 1999)","",3.375,NA,0.576351885743333
"Lateral","Lamponid2 sp1","non-mimic","Specimen",682,"2017-06-03 13:47:20 UTC","2017-06-03 14:15:29 UTC",682,"Animalia","Arthropoda","Arachnida","Araneae","Lamponidae","Lamponid2","Species","Lamponid2 sp1","","",12.4,NA,0.534822599362025
"Lateral","Leptomyrmex sp1","model","Specimen",419,"2017-02-19 13:09:43 UTC","2017-02-19 13:09:44 UTC",419,"Animalia","Arthropoda","Insecta","Hymenoptera","Formicidae","Leptomyrmex","Species","Leptomyrmex sp1","","",11.7,NA,0.812561209538541
"Lateral","Ligonipes sp1","mimic","Specimen",458,"2017-08-17 16:28:07 UTC","2017-08-17 16:28:11 UTC",458,"Animalia","Arthropoda","Arachnida","Araneae","Salticidae","Ligonipes","Species","Ligonipes sp1","(Karsch, 1878)","",3.5,NA,0.506584411148461
"Lateral","Mantid1 sp1","non-mimic","Specimen",437,"2017-08-17 16:51:50 UTC","2017-08-17 16:51:53 UTC",437,"Animalia","Arthropoda","Insecta","Mantodea","Mantidae","Mantid1","Species","Mantid1 sp1","","",8.1,NA,0.748563831481164
"Lateral","Mantid2 sp1","non-mimic","Specimen",454,"2017-08-17 17:52:31 UTC","2017-08-17 17:52:33 UTC",454,"Animalia","Arthropoda","Insecta","Mantodea","Mantidae","Mantid2","Species","Mantid2 sp1","","",14,NA,0.698431905657167
"Lateral","Mazax pax","mimic",NA,NA,NA,NA,NA,NA,NA,NA,NA,NA,NA,NA,NA,NA,NA,NA,"Yes",0.446543983666889
"Lateral","Mazax spinosa","mimic",NA,NA,NA,NA,NA,NA,NA,NA,NA,NA,NA,NA,NA,NA,NA,NA,"Yes",0.225432153336127
"Lateral","Myandra bicincta","mimic","Specimen",512,"2017-03-24 04:20:36 UTC","2017-03-24 04:20:40 UTC",512,"Animalia","Arthropoda","Arachnida","Araneae","Prodidomidae","Myandra","Species","Myandra bicincta","(Simon, 1908)","",1.95,NA,0.519876509578041
"Lateral","Myrmapana centralis","mimic",NA,NA,NA,NA,NA,NA,NA,NA,NA,NA,NA,NA,NA,NA,NA,NA,"Yes",0.48667712361687
"Lateral","Myrmapana parallela","mimic",NA,NA,NA,NA,NA,NA,NA,NA,NA,NA,NA,NA,NA,NA,NA,NA,"Yes",0.498632553361577
"Lateral","Myrmapeni chickeringi","mimic",NA,NA,NA,NA,NA,NA,NA,NA,NA,NA,NA,NA,NA,NA,NA,NA,"Yes",0.0207144874165127
"Lateral","Myrmaplata plataleoides","mimic",NA,NA,NA,NA,NA,NA,NA,NA,NA,NA,NA,NA,NA,NA,NA,NA,"Yes",0.598612664124574
"Lateral","Myrmarachne bicolor","mimic","Specimen",810,"2017-08-18 06:50:42 UTC","2017-08-18 06:50:45 UTC",810,"Animalia","Arthropoda","Arachnida","Araneae","Salticidae","Myrmarachne","Species","Myrmarachne bicolor","(L. Koch, 1879)","",5.8,NA,0.456653980172052
"Lateral","Myrmarachne erythrocephala","mimic","Specimen",346,"2017-01-06 03:44:58 UTC","2017-01-06 03:45:00 UTC",346,"Animalia","Arthropoda","Arachnida","Araneae","Salticidae","Myrmarachne","Species","Myrmarachne erythrocephala","(Koch, 1879)","",5.25714285714286,NA,0.597777132968134
"Lateral","Myrmarachne formicaria","mimic",NA,NA,NA,NA,NA,NA,NA,NA,NA,NA,NA,NA,NA,NA,NA,NA,"Yes",0.421757286387113
"Lateral","Myrmarachne helensmithae","mimic",NA,NA,NA,NA,NA,NA,NA,NA,NA,NA,NA,NA,NA,NA,NA,NA,"Yes",0.611189099758432
"Lateral","Myrmarachne juvenile","mimic","Specimen",523,"2017-04-24 13:06:47 UTC","2017-04-24 13:06:49 UTC",523,"Animalia","Arthropoda","Arachnida","Araneae","Salticidae","Myrmarachne","Species","Myrmarachne juvenile","","",3.34,NA,0.606770021750062
"Lateral","Myrmarachne luctuosa","mimic","Specimen",380,"2017-01-06 03:45:01 UTC","2017-01-06 03:45:03 UTC",380,"Animalia","Arthropoda","Arachnida","Araneae","Salticidae","Myrmarachne","Species","Myrmarachne luctuosa","(L. Koch, 1879)","",5.64285714285714,NA,0.637639576493312
"Lateral","Myrmarachne macaulayi","mimic",NA,NA,NA,NA,NA,NA,NA,NA,NA,NA,NA,NA,NA,NA,NA,NA,"Yes",0.464471792935885
"Lateral","Myrmarachne macleayana","mimic","Specimen",479,"2017-03-19 23:57:21 UTC","2017-03-19 23:57:24 UTC",479,"Animalia","Arthropoda","Arachnida","Araneae","Salticidae","Myrmarachne","Species","Myrmarachne macleayana","(Bradley, 1876)","",4.56666666666667,NA,0.560504035056424
"Lateral","Myrmarachne smaragdina","mimic",NA,NA,NA,NA,NA,NA,NA,NA,NA,NA,NA,NA,NA,NA,NA,NA,"Yes",0.737768385386656
"Lateral","Myrmecotypus rettenmeyeri","mimic",NA,NA,NA,NA,NA,NA,NA,NA,NA,NA,NA,NA,NA,NA,NA,NA,"Yes",0.678440721262274
"Lateral","Neon nellii*","mimic",NA,NA,NA,NA,NA,NA,NA,NA,NA,NA,NA,NA,NA,NA,NA,NA,"Yes",0.0986382872115363
"Lateral","Notoncus sp1","model","Specimen",370,"2017-08-20 06:12:59 UTC","2017-08-20 06:13:00 UTC",370,"Animalia","Arthropoda","Insecta","Hymenoptera","Formicidae","Notoncus","Species","Notoncus sp1","","",4.05,NA,0.92789585869429
"Lateral","Nyssus coloripes","non-mimic","Specimen",687,"2017-05-19 00:12:36 UTC","2017-05-19 00:12:37 UTC",687,"Animalia","Arthropoda","Arachnida","Araneae","Corinnidae","Nyssus","Species","Nyssus coloripes","(Walckenaer, 1805)","Orange-legged Swift Spider",5.9,NA,0.116160121585929
"Lateral","Oecophylla smaragdina","model","Specimen",500,"2017-03-21 01:59:20 UTC","2017-03-21 01:59:22 UTC",500,"Animalia","Arthropoda","Insecta","Hymenoptera","Formicidae","Oecophylla","Species","Oecophylla smaragdina","(Fabricius, 1775)","Green Tree Ant",6.6,NA,0.785778524521357
"Lateral","Opisthopsis sp1","model","Specimen",509,"2017-04-11 01:58:23 UTC","2017-04-11 01:58:25 UTC",509,"Animalia","Arthropoda","Insecta","Hymenoptera","Formicidae","Opisthopsis","Species","Opisthopsis sp1","","Strobe ant",3.8,NA,0.782209695963944
"Lateral","Oxyopes elegans","non-mimic","Specimen",260,"2017-01-06 03:44:50 UTC","2017-01-06 03:44:51 UTC",260,"Animalia","Arthropoda","Arachnida","Araneae","Oxyopidae","Oxyopes","Species","Oxyopes elegans","(L. Koch, 1878)","Elegant Lynx Spider",6.9,NA,0.325871032436484
"Lateral","Poecilipta contorqua","mimic","Specimen",410,"2017-02-10 07:19:15 UTC","2017-02-10 07:24:05 UTC",410,"Animalia","Arthropoda","Arachnida","Araneae","Corinnidae","Poecilipta","Species","Poecilipta contorqua","","",5,NA,0.558288118551245
"Lateral","Poecilipta kohouti","mimic","Specimen",977,"2017-08-09 06:40:50 UTC","2017-08-09 06:40:52 UTC",977,"Animalia","Arthropoda","Arachnida","Araneae","Corinnidae","Poecilipta","Species","Poecilipta kohouti","(Raven, 2015)","",4.4,NA,0.518006388811822
"Lateral","Polyrhachis ammon","model","Specimen",256,"2017-02-23 01:19:07 UTC","2017-02-23 01:19:26 UTC",256,"Animalia","Arthropoda","Insecta","Hymenoptera","Formicidae","Polyrhachis","Species","Polyrhachis ammon","(Fabricius, 1775)","",7.4,NA,0.863534533237551
"Lateral","Polyrhachis monteithi","model","Specimen",829,"2017-08-20 06:30:06 UTC","2017-08-20 06:30:08 UTC",829,"Animalia","Arthropoda","Insecta","Hymenoptera","Formicidae","Polyrhachis","Species","Polyrhachis monteithi","(Kohout, 2006)","",5.9,NA,0.862232949347194
"Lateral","Polyrhachis sp1","model","Specimen",309,"2017-08-20 06:11:27 UTC","2017-08-20 06:11:29 UTC",309,"Animalia","Arthropoda","Insecta","Hymenoptera","Formicidae","Polyrhachis","Species","Polyrhachis sp1","","",5,NA,0.907589642799208
"Lateral","Polyrhachis sp2","model","Specimen",384,"2017-01-06 03:45:09 UTC","2017-01-06 03:45:10 UTC",384,"Animalia","Arthropoda","Insecta","Hymenoptera","Formicidae","Polyrhachis","Species","Polyrhachis sp2","","",7.5,NA,0.823394148655377
"Lateral","Polyrhachis sp4","model","Specimen",431,"2017-08-20 06:18:56 UTC","2017-08-20 06:18:57 UTC",431,"Animalia","Arthropoda","Insecta","Hymenoptera","Formicidae","Polyrhachis","Species","Polyrhachis sp4","","",8.4,NA,0.757214964491851
"Lateral","Reduviid1 sp1","non-mimic","Specimen",488,"2017-08-17 12:50:31 UTC","2017-08-17 12:50:32 UTC",488,"Animalia","Arthropoda","Insecta","Hemiptera","Reduviidae","Reduviid1","Species","Reduviid1 sp1","","",2.8,NA,0.743160349308365
"Lateral","Rhombonotus gracilis","mimic","Specimen",609,"2017-08-12 13:38:30 UTC","2017-08-12 13:38:34 UTC",609,"Animalia","Arthropoda","Arachnida","Araneae","Salticidae","Rhombonotus","Species","Rhombonotus gracilis","(Koch L., 1879)","",2.7,NA,0.587826882939179
"Lateral","Rhombonotus sp2","mimic","Specimen",813,"2017-08-13 15:02:40 UTC","2017-08-13 15:03:15 UTC",813,"Animalia","Arthropoda","Arachnida","Araneae","Salticidae","Rhombonotus","Species","Rhombonotus sp2","","",3.88571428571429,NA,0.615400893482556
"Lateral","Rhombonotus sp3","mimic","Specimen",857,"2017-08-12 12:48:29 UTC","2017-08-12 12:48:32 UTC",857,"Animalia","Arthropoda","Arachnida","Araneae","Salticidae","Rhombonotus","Species","Rhombonotus sp3","","",2,NA,0.57243118615243
"Lateral","Rhytidoponera metallica","model","Specimen",204,"2017-08-20 06:22:55 UTC","2017-08-20 06:22:57 UTC",204,"Animalia","Arthropoda","Insecta","Hymenoptera","Formicidae","Rhytidoponera","Species","Rhytidoponera metallica","(Smith, 1858)","",6.4,NA,0.86077969670309
"Lateral","Riptortus abdominalis","mimic","Specimen",462,"2017-03-27 00:54:46 UTC","2017-03-27 00:54:51 UTC",462,"Animalia","Arthropoda","Insecta","Hemiptera","Alydidae","Riptortus","Species","Riptortus abdominalis","(Westwood, 1842)","",12.75,NA,0.614659459835642
"Lateral","Salticid17 sp1","mimic","Specimen",925,"2017-07-05 14:59:48 UTC","2017-07-05 23:02:16 UTC",925,"Animalia","Arthropoda","Arachnida","Araneae","Salticidae","Salticid17","Species","Salticid17 sp1","","",2.5,NA,0.568853851285077
"Lateral","Salticid18 sp1","non-mimic","Specimen",926,"2017-07-06 08:10:44 UTC","2017-07-06 08:10:48 UTC",926,"Animalia","Arthropoda","Arachnida","Araneae","Salticidae","Salticid18","Species","Salticid18 sp1","","",2.3,NA,0.464506575243825
"Lateral","Serendib suthepica","mimic",NA,NA,NA,NA,NA,NA,NA,NA,NA,NA,NA,NA,NA,NA,NA,NA,"Yes",0.509563657412975
"Lateral","Serendib volans","mimic",NA,NA,NA,NA,NA,NA,NA,NA,NA,NA,NA,NA,NA,NA,NA,NA,"Yes",0.387852764844699
"Lateral","Sphecotypus niger","mimic",NA,NA,NA,NA,NA,NA,NA,NA,NA,NA,NA,NA,NA,NA,NA,NA,"Yes",0.771518431332228
"Lateral","Stigmacros sp1","model","Specimen",3,"2017-08-20 06:25:38 UTC","2017-08-20 06:25:41 UTC",3,"Animalia","Arthropoda","Insecta","Hymenoptera","Formicidae","Stigmacros","Species","Stigmacros sp1","","",2.3,NA,0.817098445542795
"Lateral","Tapinoma sp1","model","Specimen",244,"2017-06-03 15:23:00 UTC","2017-06-03 15:23:01 UTC",244,"Animalia","Arthropoda","Insecta","Hymenoptera","Formicidae","Tapinoma","Species","Tapinoma sp1","","",2.05,NA,0.840178043837717
"Lateral","Vespoidea3 sp1","mimic","Specimen",416,"2017-08-18 07:18:27 UTC","2017-08-18 07:18:30 UTC",416,"Animalia","Arthropoda","Insecta","Hymenoptera","","Vespoidea3","Species","Vespoidea3 sp1","","",3.7,NA,0.658578772677918
"Lateral","Vespoidea4 sp1","non-mimic","Specimen",430,"2017-02-22 12:32:18 UTC","2017-07-03 13:25:54 UTC",430,"Animalia","Arthropoda","Insecta","Hymenoptera","Mutillidae","Vespoidea4","Species","Vespoidea4 sp1","","",4.53333333333333,NA,0.62838865228397
"Lateral","Vespoidea5 sp1","mimic","Specimen",536,"2017-04-11 00:08:18 UTC","2017-04-11 00:08:20 UTC",536,"Animalia","Arthropoda","Insecta","Hymenoptera","","Vespoidea5","Species","Vespoidea5 sp1","","",5.73333333333333,NA,0.721157415647211
"Lateral","Vespoidea6 sp1","mimic","Specimen",579,"2017-08-18 11:45:28 UTC","2017-08-18 11:45:30 UTC",579,"Animalia","Arthropoda","Insecta","Hymenoptera","","Vespoidea6","Species","Vespoidea6 sp1","","",5.3,NA,0.485869736155417
"Lateral","Zodarid4 sp1","mimic","Specimen",515,"2017-08-16 17:52:49 UTC","2017-08-16 17:52:53 UTC",515,"Animalia","Arthropoda","Arachnida","Araneae","Zodariidae","Zodariid4","Species","Zodarid4 sp1","","",2.1,NA,0.391541928095602
